FFT_Mat,,,,,,,,,,,,,,,
,,,,,,,,,,,,,,,
Question,Area Team Code,Code,Name,Site Code,Site Name,Total Responses,Total Eligible,Response Rate,Friends and Family Test Score,Extremely Likely,Likely,Neither,Unlikely,Extremely Unlikely,Don't Know
1,Q44,RJR,COUNTESS OF CHESTER HOSPITAL NHS FOUNDATION TRUST,RJR05,Countess Of Chester Hospital - RJR05,4,175,,100,*,*,*,*,*,*
1,Q44,RJN,EAST CHESHIRE NHS TRUST,RJN71,Macclesfield District General Hospital - RJN71,7,129,,86,6,1,0,0,0,0
1,Q44,RJN,EAST CHESHIRE NHS TRUST,RJNXXX,Non-hospital site - RJNXXX,81,40,,75,62,9,4,1,0,5
1,Q44,RBT,MID CHESHIRE HOSPITALS NHS FOUNDATION TRUST,RBT20,Leighton Hospital - RBT20,80,507,,73,62,13,3,0,1,1
1,Q44,RWW,WARRINGTON AND HALTON HOSPITALS NHS FOUNDATION TRUST,RWWWH,Warrington Hospital - RWWWH,108,240,,61,70,29,5,1,0,3
1,Q44,RBL,WIRRAL UNIVERSITY TEACHING HOSPITAL NHS FOUNDATION TRUST,RBL14,Arrowe Park Hospital - RBL14,71,247,,83,*,*,*,*,*,*
1,Q45,RXP,COUNTY DURHAM AND DARLINGTON NHS FOUNDATION TRUST,RXPDA,Darlington Memorial Hospital - RXPDA,37,163,,56,22,12,2,0,0,1
1,Q45,RXP,COUNTY DURHAM AND DARLINGTON NHS FOUNDATION TRUST,RXPXXX,Non-hospital site - RXPXXX,59,0,,81,45,8,1,0,0,5
1,Q45,RXP,COUNTY DURHAM AND DARLINGTON NHS FOUNDATION TRUST,RXPCP,University Hospital Of North Durham - RXPCP,11,269,,45,5,6,0,0,0,0
1,Q45,RVW,NORTH TEES AND HARTLEPOOL NHS FOUNDATION TRUST,RVWXXX,Non-hospital site - RVWXXX,24,235,,67,18,4,2,0,0,0
1,Q45,RTR,SOUTH TEES HOSPITALS NHS FOUNDATION TRUST,RTRXXX,Non-hospital site - RTRXXX,0,368,,NA,0,0,0,0,0,0
1,Q46,RMC,BOLTON NHS FOUNDATION TRUST,RMC01,Royal Bolton Hospital - RMC01,48,510,,65,31,17,0,0,0,0
1,Q46,RY2,BRIDGEWATER COMMUNITY HEALTHCARE NHS TRUST,RY28P,Health Care Resource Centre - RY28P,22,55,,68,15,7,0,0,0,0
1,Q46,RY2,BRIDGEWATER COMMUNITY HEALTHCARE NHS TRUST,RY2XXX,Non-hospital site - RY2XXX,24,61,,63,16,7,1,0,0,0
1,Q46,RW3,CENTRAL MANCHESTER UNIVERSITY HOSPITALS NHS FOUNDATION TRUST,RW3SM,St Mary's Hospital - RW3SM,13,486,,85,11,2,0,0,0,0
1,Q46,RW6,PENNINE ACUTE HOSPITALS NHS TRUST,RW6XXX,Non-hospital site - RW6XXX,82,694,,81,64,13,0,0,1,4
1,Q46,RWJ,STOCKPORT NHS FOUNDATION TRUST,RWJ09,Stepping Hill Hospital - RWJ09,91,314,,62,57,32,1,0,0,1
1,Q46,RMP,TAMESIDE HOSPITAL NHS FOUNDATION TRUST,RMP01,Tameside General Hospital - RMP01,47,239,,77,36,11,0,0,0,0
1,Q46,RM2,UNIVERSITY HOSPITAL OF SOUTH MANCHESTER NHS FOUNDATION TRUST,RM2XXX,Non-hospital site - RM2XXX,83,367,,78,64,18,0,0,0,1
1,Q46,RRF,"WRIGHTINGTON, WIGAN AND LEIGH NHS FOUNDATION TRUST",RRF02,Royal Albert Edward Infirmary - RRF02,71,186,,61,46,21,3,0,0,1
1,Q47,RXL,BLACKPOOL TEACHING HOSPITALS NHS FOUNDATION TRUST,RXL01,Blackpool Victoria Hospital - RXL01,17,253,,76,13,4,0,0,0,0
1,Q47,RXL,BLACKPOOL TEACHING HOSPITALS NHS FOUNDATION TRUST,RXLXXX,Non-hospital site - RXLXXX,30,0,,71,18,5,1,0,0,6
1,Q47,RXR,EAST LANCASHIRE HOSPITALS NHS TRUST,RXR20,Royal Blackburn Hospital - RXR20,45,395,,78,37,6,0,1,1,0
1,Q47,RXN,LANCASHIRE TEACHING HOSPITALS NHS FOUNDATION TRUST,RXN02,Royal Preston Hospital - RXN02,42,381,,38,20,15,2,1,2,2
1,Q48,REP,LIVERPOOL WOMEN'S NHS FOUNDATION TRUST,REP01,Liverpool Womens Hospital - REP01,12,660,,83,10,2,0,0,0,0
1,Q48,RVY,SOUTHPORT AND ORMSKIRK HOSPITAL NHS TRUST,RVYXXX,Non-hospital site - RVYXXX,38,212,,76,30,5,2,0,0,1
1,Q48,RBN,ST HELENS AND KNOWSLEY HOSPITALS NHS TRUST,RBN01,Whiston Hospital - RBN01,78,200,,69,59,14,2,2,1,0
1,Q49,RLN,CITY HOSPITALS SUNDERLAND NHS FOUNDATION TRUST,RLNXXX,Non-hospital site - RLNXXX,82,280,,70,55,21,1,0,0,5
1,Q49,RR7,GATESHEAD HEALTH NHS FOUNDATION TRUST,RR7EN,Queen Elizabeth Hospital - RR7EN,12,156,,67,8,4,0,0,0,0
1,Q49,RNL,NORTH CUMBRIA UNIVERSITY HOSPITALS NHS TRUST,RNLXXX,Non-hospital site - RNLXXX,18,283,,89,16,2,0,0,0,0
1,Q49,RTF,NORTHUMBRIA HEALTHCARE NHS FOUNDATION TRUST,RTFXXX,Non-hospital site - RTFXXX,77,416,,84,66,10,1,0,0,0
1,Q49,RE9,SOUTH TYNESIDE NHS FOUNDATION TRUST,RE9XXX,Non-hospital site - RE9XXX,31,106,,90,28,3,0,0,0,0
1,Q49,RE9,SOUTH TYNESIDE NHS FOUNDATION TRUST,RE9GA,South Tyneside District Hospital - RE9GA,5,42,,50,2,2,0,0,0,1
1,Q49,RTD,THE NEWCASTLE UPON TYNE HOSPITALS NHS FOUNDATION TRUST,RTD02,The Royal Victoria Infirmary - RTD02,17,276,,94,16,1,0,0,0,0
1,Q49,RTX,UNIVERSITY HOSPITALS OF MORECAMBE BAY NHS FOUNDATION TRUST,RTXBU,Furness General Hospital - RTXBU,18,32,,69,11,5,0,0,0,2
1,Q49,RTX,UNIVERSITY HOSPITALS OF MORECAMBE BAY NHS FOUNDATION TRUST,RTXXXX,Non-hospital site - RTXXXX,15,0,,87,*,*,*,*,*,*
1,Q49,RTX,UNIVERSITY HOSPITALS OF MORECAMBE BAY NHS FOUNDATION TRUST,RTX02,Royal Lancaster Infirmary - RTX02,25,85,,54,13,11,0,0,0,1
1,Q49,RTX,UNIVERSITY HOSPITALS OF MORECAMBE BAY NHS FOUNDATION TRUST,RTXBW,Westmorland General Hospital - RTXBW,4,42,,75,*,*,*,*,*,*
1,Q50,RCD,HARROGATE AND DISTRICT NHS FOUNDATION TRUST,RCD01,Harrogate District Hospital - RCD01,24,59,,79,20,3,1,0,0,0
1,Q50,RCD,HARROGATE AND DISTRICT NHS FOUNDATION TRUST,RCDXXX,Non-hospital site - RCDXXX,38,94,,97,37,1,0,0,0,0
1,Q50,RWA,HULL AND EAST YORKSHIRE HOSPITALS NHS TRUST,RWA01,Hull Royal Infirmary - RWA01,170,438,,44,76,73,4,0,3,14
1,Q50,RWA,HULL AND EAST YORKSHIRE HOSPITALS NHS TRUST,RWAXXX,Non-hospital site - RWAXXX,38,38,,69,25,11,0,0,0,2
1,Q50,RJL,NORTHERN LINCOLNSHIRE AND GOOLE NHS FOUNDATION TRUST,RJL30,"Diana, Princess Of Wales Hospital - RJL30",16,184,,56,9,7,0,0,0,0
1,Q50,RJL,NORTHERN LINCOLNSHIRE AND GOOLE NHS FOUNDATION TRUST,RJL31,Goole and District Hospital (Acute) - RJL31,0,7,,NA,0,0,0,0,0,0
1,Q50,RJL,NORTHERN LINCOLNSHIRE AND GOOLE NHS FOUNDATION TRUST,RJL32,Scunthorpe General Hospital - RJL32,57,142,,46,29,25,2,1,0,0
1,Q50,RCB,YORK TEACHING HOSPITAL NHS FOUNDATION TRUST,RCBCA,Scarborough General Hospital - RCBCA,57,202,,77,45,11,1,0,0,0
1,Q50,RCB,YORK TEACHING HOSPITAL NHS FOUNDATION TRUST,RCB55,York Hospital - RCB55,110,295,,57,70,31,6,2,0,1
1,Q51,RFF,BARNSLEY HOSPITAL NHS FOUNDATION TRUST,RFFAA,Barnsley Hospital NHS Foundation Trust HQ - RFFAA,73,201,,79,59,13,1,0,0,0
1,Q51,RP5,DONCASTER AND BASSETLAW HOSPITALS NHS FOUNDATION TRUST,RP5BA,Bassetlaw Hospital - RP5BA,7,121,,71,5,2,0,0,0,0
1,Q51,RP5,DONCASTER AND BASSETLAW HOSPITALS NHS FOUNDATION TRUST,RP5DR,Doncaster Royal Infirmary - RP5DR,68,268,,69,48,17,1,1,0,1
1,Q51,RP5,DONCASTER AND BASSETLAW HOSPITALS NHS FOUNDATION TRUST,RP5XXX,Non-hospital site - RP5XXX,0,9,,NA,0,0,0,0,0,0
1,Q51,RHQ,SHEFFIELD TEACHING HOSPITALS NHS FOUNDATION TRUST,RHQHH,Royal Hallamshire Hospital - RHQHH,50,515,,59,34,10,4,1,0,1
1,Q51,RFR,THE ROTHERHAM NHS FOUNDATION TRUST,RFRPA,Rotherham District General Hospital - RFRPA,82,204,,74,65,13,0,1,3,0
1,Q52,RCF,AIREDALE NHS FOUNDATION TRUST,RCF22,Airedale General Hospital - RCF22,51,212,,86,44,7,0,0,0,0
1,Q52,RAE,BRADFORD TEACHING HOSPITALS NHS FOUNDATION TRUST,RAE01,Bradford Royal Infirmary - RAE01,25,175,,64,17,7,0,0,1,0
1,Q52,RAE,BRADFORD TEACHING HOSPITALS NHS FOUNDATION TRUST,RAEXXX,Non-hospital site - RAEXXX,45,316,,55,25,15,2,0,0,3
1,Q52,RWY,CALDERDALE AND HUDDERSFIELD NHS FOUNDATION TRUST,RWYXXX,Non-hospital site - RWYXXX,103,463,,71,79,18,1,3,2,0
1,Q52,RR8,LEEDS TEACHING HOSPITALS NHS TRUST,RR801,Leeds General Infirmary - RR801,4,20,,75,*,*,*,*,*,*
1,Q52,RR8,LEEDS TEACHING HOSPITALS NHS TRUST,RR8XXX,Non-Hospital Site - RR8XXX,107,334,,74,*,*,*,*,*,*
1,Q52,RR8,LEEDS TEACHING HOSPITALS NHS TRUST,RR813,St James's University Hospital - RR813,0,55,,NA,0,0,0,0,0,0
1,Q52,RXF,MID YORKSHIRE HOSPITALS NHS TRUST,RXF10,Dewsbury and District Hospital - RXF10,23,70,,35,10,11,2,0,0,0
1,Q52,RXF,MID YORKSHIRE HOSPITALS NHS TRUST,RXFXXX,Non-hospital site - RXFXXX,58,299,,67,40,17,1,0,0,0
1,Q52,RXF,MID YORKSHIRE HOSPITALS NHS TRUST,RXF05,Pinderfields General Hospital - RXF05,47,105,,72,34,13,0,0,0,0
1,Q52,RXF,MID YORKSHIRE HOSPITALS NHS TRUST,RXF03,Pontefract General Infirmary - RXF03,21,92,,67,15,5,1,0,0,0
1,Q53,RLT,GEORGE ELIOT HOSPITAL NHS TRUST,RLT01,George Eliot Hospital - Acute Services - RLT01,15,178,,33,*,*,*,*,*,*
1,Q53,RJC,SOUTH WARWICKSHIRE NHS FOUNDATION TRUST,RJCXXX,Non-hospital site - RJCXXX,0,0,,NA,0,0,0,0,0,0
1,Q53,RJC,SOUTH WARWICKSHIRE NHS FOUNDATION TRUST,RJC02,Warwick Hospital - RJC02,3,163,,100,*,*,*,*,*,*
1,Q53,RKB,UNIVERSITY HOSPITALS COVENTRY AND WARWICKSHIRE NHS TRUST,RKB03,Hospital Of St Cross - RKB03,0,25,,NA,0,0,0,0,0,0
1,Q53,RKB,UNIVERSITY HOSPITALS COVENTRY AND WARWICKSHIRE NHS TRUST,RKBXXX,Non-hospital site - RKBXXX,53,255,,74,39,14,0,0,0,0
1,Q53,RKB,UNIVERSITY HOSPITALS COVENTRY AND WARWICKSHIRE NHS TRUST,RKB01,University Hospital (Coventry) - RKB01,6,211,,67,4,2,0,0,0,0
1,Q53,RWP,WORCESTERSHIRE ACUTE HOSPITALS NHS TRUST,RWP01,Alexandra Hospital - RWP01,21,147,,86,18,3,0,0,0,0
1,Q53,RWP,WORCESTERSHIRE ACUTE HOSPITALS NHS TRUST,RWP31,Kidderminster Hospital - RWP31,19,85,,84,16,3,0,0,0,0
1,Q53,RWP,WORCESTERSHIRE ACUTE HOSPITALS NHS TRUST,RWP50,Worcestershire Royal Hospital - RWP50,29,250,,83,26,1,2,0,0,0
1,Q53,RLQ,WYE VALLEY NHS TRUST,RLQ01,Hereford County Hospital - RLQ01,16,145,,50,10,4,0,1,1,0
1,Q54,RLU,BIRMINGHAM WOMEN'S NHS FOUNDATION TRUST,RLU01,Birmingham Women's Hospital - RLU01,2,678,,50,*,*,*,*,*,*
1,Q54,RR1,HEART OF ENGLAND NHS FOUNDATION TRUST,RR105,Good Hope Hospital - RR105,19,240,,100,19,0,0,0,0,0
1,Q54,RR1,HEART OF ENGLAND NHS FOUNDATION TRUST,RR101,Heartlands Hospital - RR101,4,326,,100,*,*,*,*,*,*
1,Q54,RR1,HEART OF ENGLAND NHS FOUNDATION TRUST,RR109,Solihull Hospital - RR109,5,147,,100,*,*,*,*,*,*
1,Q54,RXK,SANDWELL AND WEST BIRMINGHAM HOSPITALS NHS TRUST,RXK02,City Hospital - RXK02,0,285,,NA,0,0,0,0,0,0
1,Q54,RXK,SANDWELL AND WEST BIRMINGHAM HOSPITALS NHS TRUST,RXK01,Sandwell General Hospital - RXK01,3,92,,67,*,*,*,*,*,*
1,Q54,RNA,THE DUDLEY GROUP NHS FOUNDATION TRUST,RNAXXX,Non-hospital site - RNAXXX,34,0,,82,28,6,0,0,0,0
1,Q54,RNA,THE DUDLEY GROUP NHS FOUNDATION TRUST,RNA01,Russells Hall Hospital - RNA01,10,248,,70,7,3,0,0,0,0
1,Q54,RL4,THE ROYAL WOLVERHAMPTON NHS TRUST,RL403,New Cross Hospital - RL403,28,250,,82,23,5,0,0,0,0
1,Q54,RBK,WALSALL HEALTHCARE NHS TRUST,RBK02,Manor Hospital - RBK02,15,424,,40,6,9,0,0,0,0
1,Q55,RFS,CHESTERFIELD ROYAL HOSPITAL NHS FOUNDATION TRUST,RFSXXX,Non-hospital site - RFSXXX,61,245,,77,46,14,0,0,0,1
1,Q55,RTG,DERBY HOSPITALS NHS FOUNDATION TRUST,RTGFG,Royal Derby Hospital - RTGFG,30,733,,83,25,5,0,0,0,0
1,Q55,RX1,NOTTINGHAM UNIVERSITY HOSPITALS NHS TRUST,RX1XXX,Non-hospital site - RX1XXX,179,427,,82,148,29,0,2,0,0
1,Q55,RK5,SHERWOOD FOREST HOSPITALS NHS FOUNDATION TRUST,RK5BC,King's Mill Hospital - RK5BC,41,143,,55,23,16,1,0,0,1
1,Q56,RGT,CAMBRIDGE UNIVERSITY HOSPITALS NHS FOUNDATION TRUST,RGT32,Rosie Hospital - RGT32,41,375,,65,26,14,0,0,0,1
1,Q56,RQQ,HINCHINGBROOKE HEALTH CARE NHS TRUST,RQQ31,Hinchingbrooke Hospital - RQQ31,116,197,,76,89,26,0,1,0,0
1,Q56,RGQ,IPSWICH HOSPITAL NHS TRUST,RGQ02,The Ipswich Hospital NHS Trust - RGQ02,94,341,,74,71,22,0,1,0,0
1,Q56,RGP,JAMES PAGET UNIVERSITY HOSPITALS NHS FOUNDATION TRUST,RGP75,James Paget University Hospital - RGP75,53,180,,66,40,8,4,1,0,0
1,Q56,RM1,NORFOLK AND NORWICH UNIVERSITY HOSPITALS NHS FOUNDATION TRUST,RM102,Norfolk and Norwich University Hospital - RM102,102,474,,59,66,30,2,3,1,0
1,Q56,RGN,PETERBOROUGH AND STAMFORD HOSPITALS NHS FOUNDATION TRUST,RGN80,Peterborough City Hospital - RGN80,59,257,,68,41,12,2,0,1,3
1,Q56,RCX,"THE QUEEN ELIZABETH HOSPITAL, KING'S LYNN, NHS FOUNDATION TRUST",RCXXXX,Non-hospital site - RCXXXX,23,142,,65,16,6,0,1,0,0
1,Q56,RCX,"THE QUEEN ELIZABETH HOSPITAL, KING'S LYNN, NHS FOUNDATION TRUST",RCX66,North Cambridgeshire Hospital - RCX66,12,12,,58,8,3,1,0,0,0
1,Q56,RCX,"THE QUEEN ELIZABETH HOSPITAL, KING'S LYNN, NHS FOUNDATION TRUST",RCX70,The Queen Elizabeth Hospital - RCX70,0,23,,NA,0,0,0,0,0,0
1,Q56,RGR,WEST SUFFOLK NHS FOUNDATION TRUST,RGR50,West Suffolk Hospital - RGR50,83,228,,76,65,16,1,1,0,0
1,Q57,RDD,BASILDON AND THURROCK UNIVERSITY HOSPITALS NHS FOUNDATION TRUST,RDDH0,Basildon University Hospital - RDDH0,4,330,,25,*,*,*,*,*,*
1,Q57,RDE,COLCHESTER HOSPITAL UNIVERSITY NHS FOUNDATION TRUST,RDEE4,Colchester General Hospital - RDEE4,28,317,,68,21,5,2,0,0,0
1,Q57,RQ8,MID ESSEX HOSPITAL SERVICES NHS TRUST,RQ8L0,Broomfield Hospital - RQ8L0,4,379,,100,*,*,*,*,*,*
1,Q57,RAJ,SOUTHEND UNIVERSITY HOSPITAL NHS FOUNDATION TRUST,RAJ01,Southend Hospital - RAJ01,14,359,,71,10,4,0,0,0,0
1,Q57,RQW,THE PRINCESS ALEXANDRA HOSPITAL NHS TRUST,RQWG0,Princess Alexandra Hospital - RQWG0,36,338,,92,33,3,0,0,0,0
1,Q58,RC1,BEDFORD HOSPITAL NHS TRUST,RC110,Bedford Hospital South Wing - RC110,7,200,,57,4,3,0,0,0,0
1,Q58,RWH,EAST AND NORTH HERTFORDSHIRE NHS TRUST,RWHXXX,Non-hospital site - RWHXXX,28,613,,75,21,7,0,0,0,0
1,Q58,RNQ,KETTERING GENERAL HOSPITAL NHS FOUNDATION TRUST,RNQ51,Kettering General Hospital - RNQ51,78,305,,81,65,11,1,1,0,0
1,Q58,RC9,LUTON AND DUNSTABLE UNIVERSITY HOSPITAL NHS FOUNDATION TRUST,RC971,Luton and Dunstable Hospital - RC971,81,496,,34,35,37,1,6,1,1
1,Q58,RD8,MILTON KEYNES HOSPITAL NHS FOUNDATION TRUST,RD816,Milton Keynes Hospital - RD816,45,360,,68,32,10,1,1,0,1
1,Q58,RNS,NORTHAMPTON GENERAL HOSPITAL NHS TRUST,RNS01,Northampton General Hospital (Acute) - RNS01,56,366,,68,39,16,1,0,0,0
1,Q58,RWG,WEST HERTFORDSHIRE HOSPITALS NHS TRUST,RWG02,Watford General Hospital - RWG02,13,570,,54,8,4,0,0,1,0
1,Q59,RWD,UNITED LINCOLNSHIRE HOSPITALS NHS TRUST,RWDLP,Grantham and District Hospital - RWDLP,3,3,,100,*,*,*,*,*,*
1,Q59,RWD,UNITED LINCOLNSHIRE HOSPITALS NHS TRUST,RWDDA,Lincoln County Hospital - RWDDA,0,262,,NA,0,0,0,0,0,0
1,Q59,RWD,UNITED LINCOLNSHIRE HOSPITALS NHS TRUST,RWDXXX,Non-hospital site - RWDXXX,7,0,,50,*,*,*,*,*,*
1,Q59,RWD,UNITED LINCOLNSHIRE HOSPITALS NHS TRUST,RWDLA,Pilgrim Hospital - RWDLA,0,178,,NA,0,0,0,0,0,0
1,Q59,RWE,UNIVERSITY HOSPITALS OF LEICESTER NHS TRUST,RWEAK,Leicester General Hospital - RWEAK,33,85,,52,19,12,0,0,2,0
1,Q59,RWE,UNIVERSITY HOSPITALS OF LEICESTER NHS TRUST,RWEAA,Leicester Royal Infirmary - RWEAA,28,111,,54,15,13,0,0,0,0
1,Q59,RWE,UNIVERSITY HOSPITALS OF LEICESTER NHS TRUST,RWEXXX,Non-hospital site - RWEXXX,187,784,,75,144,39,4,0,0,0
1,Q60,RJF,BURTON HOSPITALS NHS FOUNDATION TRUST,RJF02,"Queen's Hospital, Burton Upon Trent - RJF02",22,198,,86,*,*,*,*,*,*
1,Q60,RJD,MID STAFFORDSHIRE NHS FOUNDATION TRUST,RJD01,Stafford Hospital - RJD01,44,315,,82,36,8,0,0,0,0
1,Q60,RXW,SHREWSBURY AND TELFORD HOSPITAL NHS TRUST,RXWXXX,Non-hospital site - RXWXXX,52,441,,69,25,9,1,0,0,17
1,Q60,RJE,UNIVERSITY HOSPITAL OF NORTH STAFFORDSHIRE NHS TRUST,RJE03,North Staffs Maternity Hospital - RJE03,3,494,,100,*,*,*,*,*,*
1,Q64,RTE,GLOUCESTERSHIRE HOSPITALS NHS FOUNDATION TRUST,RTE01,Cheltenham General Hospital - RTE01,11,31,,73,9,1,1,0,0,0
1,Q64,RTE,GLOUCESTERSHIRE HOSPITALS NHS FOUNDATION TRUST,RTE03,Gloucestershire Royal Hospital - RTE03,10,483,,40,5,4,1,0,0,0
1,Q64,RTE,GLOUCESTERSHIRE HOSPITALS NHS FOUNDATION TRUST,RTEXXX,Non-hospital site - RTEXXX,16,34,,88,14,2,0,0,0,0
1,Q64,RN3,GREAT WESTERN HOSPITALS NHS FOUNDATION TRUST,RN333,Chippenham Community Hospital - RN333,6,84,,83,5,1,0,0,0,0
1,Q64,RN3,GREAT WESTERN HOSPITALS NHS FOUNDATION TRUST,RN3C2,Frome Community Hospital - RN3C2,0,22,,NA,0,0,0,0,0,0
1,Q64,RN3,GREAT WESTERN HOSPITALS NHS FOUNDATION TRUST,RN3XXX,Non-hospital site - RN3XXX,103,109,,72,73,28,0,0,0,2
1,Q64,RN3,GREAT WESTERN HOSPITALS NHS FOUNDATION TRUST,RN3C3,Paulton Memorial Hospital - RN3C3,0,27,,NA,0,0,0,0,0,0
1,Q64,RN3,GREAT WESTERN HOSPITALS NHS FOUNDATION TRUST,RN3C1,Princess Anne Wing RUH - RN3C1,0,53,,NA,0,0,0,0,0,0
1,Q64,RN3,GREAT WESTERN HOSPITALS NHS FOUNDATION TRUST,RN3C4,Shepton Mallet Community Hospital - RN3C4,0,17,,NA,0,0,0,0,0,0
1,Q64,RN3,GREAT WESTERN HOSPITALS NHS FOUNDATION TRUST,RN325,The Great Western Hospital - RN325,0,247,,NA,0,0,0,0,0,0
1,Q64,RN3,GREAT WESTERN HOSPITALS NHS FOUNDATION TRUST,RN334,Trowbridge Community Hospital - RN334,0,67,,NA,0,0,0,0,0,0
1,Q64,RNZ,SALISBURY NHS FOUNDATION TRUST,RNZ02,Salisbury District Hospital - RNZ02,22,172,,91,20,2,0,0,0,0
1,Q65,RVJ,NORTH BRISTOL NHS TRUST,RVJ01,Southmead Hospital - RVJ01,107,514,,75,80,22,0,0,2,3
1,Q65,RBA,TAUNTON AND SOMERSET NHS FOUNDATION TRUST,RBA11,Musgrove Park Hospital - RBA11,33,238,,79,*,*,*,*,*,*
1,Q65,RBA,TAUNTON AND SOMERSET NHS FOUNDATION TRUST,RBAXXX,Non-hospital site - RBAXXX,2,69,,100,*,*,*,*,*,*
1,Q65,RA7,UNIVERSITY HOSPITALS BRISTOL NHS FOUNDATION TRUST,RA707,St Michael's Hospital - RA707,81,349,,65,56,22,2,1,0,0
1,Q65,RA3,WESTON AREA HEALTH NHS TRUST,RA301,Weston General Hospital - RA301,11,107,,70,*,*,*,*,*,*
1,Q65,RA4,YEOVIL DISTRICT HOSPITAL NHS FOUNDATION TRUST,RA430,Yeovil District Hospital - RA430,2,140,,100,*,*,*,*,*,*
1,Q66,RBZ,NORTHERN DEVON HEALTHCARE NHS TRUST,RBZ12,North Devon District Hospital - RBZ12,0,96,,NA,0,0,0,0,0,0
1,Q66,RK9,PLYMOUTH HOSPITALS NHS TRUST,RK950,Derriford Hospital - RK950,90,130,,71,66,22,2,0,0,0
1,Q66,REF,ROYAL CORNWALL HOSPITALS NHS TRUST,REFXXX,Non-hospital site - REFXXX,29,349,,59,20,6,3,0,0,0
1,Q66,RH8,ROYAL DEVON AND EXETER NHS FOUNDATION TRUST,RH801,Royal Devon and Exeter Hospital (Wonford) - RH801,23,253,,48,13,8,1,1,0,0
1,Q66,RH8,ROYAL DEVON AND EXETER NHS FOUNDATION TRUST,RH853,Tiverton and District Hospital - RH853,0,3,,NA,0,0,0,0,0,0
1,Q66,RA9,SOUTH DEVON HEALTHCARE NHS FOUNDATION TRUST,RA9XXX,Non-hospital site - RA9XXX,23,141,,78,18,5,0,0,0,0
1,Q66,RA9,SOUTH DEVON HEALTHCARE NHS FOUNDATION TRUST,RA901,Torbay Hospital - RA901,0,35,,NA,0,0,0,0,0,0
1,Q67,RN7,DARTFORD AND GRAVESHAM NHS TRUST,RN707,Darent Valley Hospital - RN707,7,385,,57,4,3,0,0,0,0
1,Q67,RVV,EAST KENT HOSPITALS UNIVERSITY NHS FOUNDATION TRUST,RVVXXX,Non-hospital site - RVVXXX,38,556,,81,30,7,0,0,0,1
1,Q67,RWF,MAIDSTONE AND TUNBRIDGE WELLS NHS TRUST,RWF03,Maidstone District General Hospital - RWF03,0,39,,NA,0,0,0,0,0,0
1,Q67,RWF,MAIDSTONE AND TUNBRIDGE WELLS NHS TRUST,RWFXXX,Non-hospital site - RWFXXX,21,380,,60,15,2,3,0,0,1
1,Q67,RWF,MAIDSTONE AND TUNBRIDGE WELLS NHS TRUST,RWFTW,The Tunbridge Wells Hospital - RWFTW,48,53,,72,34,13,0,0,0,1
1,Q67,RPA,MEDWAY NHS FOUNDATION TRUST,RPA02,Medway Maritime Hospital - RPA02,18,380,,83,15,3,0,0,0,0
1,Q68,RTK,ASHFORD AND ST PETER'S HOSPITALS NHS FOUNDATION TRUST,RTK01,St Peter's Hospital - RTK01,71,358,,76,54,17,0,0,0,0
1,Q68,RXH,BRIGHTON AND SUSSEX UNIVERSITY HOSPITALS NHS TRUST,RXHXXX,Non-hospital site - RXHXXX,76,292,,72,58,13,4,0,0,1
1,Q68,RXH,BRIGHTON AND SUSSEX UNIVERSITY HOSPITALS NHS TRUST,RXH09,Princess Royal Hospital - RXH09,1,62,,-100,*,*,*,*,*,*
1,Q68,RXH,BRIGHTON AND SUSSEX UNIVERSITY HOSPITALS NHS TRUST,RXH01,Royal Sussex County Hospital - RXH01,2,120,,100,*,*,*,*,*,*
1,Q68,RXC,EAST SUSSEX HEALTHCARE NHS TRUST,RXC14,Crowborough Birthing Centre - RXC14,0,9,,NA,0,0,0,0,0,0
1,Q68,RXC,EAST SUSSEX HEALTHCARE NHS TRUST,RXC02,Eastbourne District General Hospital - RXC02,9,21,,56,*,*,*,*,*,*
1,Q68,RXC,EAST SUSSEX HEALTHCARE NHS TRUST,RXCXXX,Non-hospital site - RXCXXX,1,9,,-100,*,*,*,*,*,*
1,Q68,RDU,FRIMLEY PARK HOSPITAL NHS FOUNDATION TRUST,RDU01,Frimley Park Hospital - RDU01,31,145,,79,23,6,0,0,0,2
1,Q68,RDU,FRIMLEY PARK HOSPITAL NHS FOUNDATION TRUST,RDUXXX,Non-hospital site - RDUXXX,78,333,,78,59,17,0,0,0,2
1,Q68,RA2,ROYAL SURREY COUNTY HOSPITAL NHS FOUNDATION TRUST,RA201,Royal Surrey County Hospital - RA201,64,150,,83,53,11,0,0,0,0
1,Q68,RTP,SURREY AND SUSSEX HEALTHCARE NHS TRUST,RTP04,East Surrey Hospital - RTP04,101,365,,71,72,29,0,0,0,0
1,Q68,RYR,WESTERN SUSSEX HOSPITALS NHS FOUNDATION TRUST,RYR16,St Richard's Hospital - RYR16,15,170,,93,14,1,0,0,0,0
1,Q68,RYR,WESTERN SUSSEX HOSPITALS NHS FOUNDATION TRUST,RYR18,Worthing Hospital - RYR18,21,238,,90,19,2,0,0,0,0
1,Q69,RXQ,BUCKINGHAMSHIRE HEALTHCARE NHS TRUST,RXQ02,Stoke Mandeville Hospital - RXQ02,170,413,,70,123,42,3,1,0,1
1,Q69,RD7,HEATHERWOOD AND WEXHAM PARK HOSPITALS NHS FOUNDATION TRUST,RD750,Wexham Park Hospital - RD750,80,227,,61,52,23,1,1,2,1
1,Q69,RTH,OXFORD UNIVERSITY HOSPITALS NHS TRUST,RTH08,John Radcliffe Hospital - RTH08,87,804,,56,54,25,4,1,1,2
1,Q69,RHW,ROYAL BERKSHIRE NHS FOUNDATION TRUST,RHW01,Royal Berkshire Hospital - RHW01,162,573,,68,111,48,0,1,1,1
1,Q70,RBD,DORSET COUNTY HOSPITAL NHS FOUNDATION TRUST,RBD01,Dorset County Hospital - RBD01,35,156,,66,24,10,0,0,1,0
1,Q70,RN5,HAMPSHIRE HOSPITALS NHS FOUNDATION TRUST,RN542,Andover War Memorial Hospital - RN542,19,23,,89,17,2,0,0,0,0
1,Q70,RN5,HAMPSHIRE HOSPITALS NHS FOUNDATION TRUST,RN506,Basingstoke and North Hampshire Hospital - RN506,32,250,,56,20,10,1,0,1,0
1,Q70,RN5,HAMPSHIRE HOSPITALS NHS FOUNDATION TRUST,RN541,Royal Hampshire County Hospital - RN541,20,252,,63,12,7,0,0,0,1
1,Q70,R1F,ISLE OF WIGHT NHS TRUST,R1F01,St Mary's Hospital - R1F01,24,146,,54,15,7,1,0,1,0
1,Q70,RD3,POOLE HOSPITAL NHS FOUNDATION TRUST,RD304,Poole General Hospital NHS Trust HQ - RD304,69,260,,59,44,20,2,1,1,1
1,Q70,RHU,PORTSMOUTH HOSPITALS NHS TRUST,RHU10,Gosport War Memorial Hospital - RHU10,9,31,,50,2,2,0,0,0,5
1,Q70,RHU,PORTSMOUTH HOSPITALS NHS TRUST,RHU04,Petersfield Community Hospital - RHU04,14,44,,100,10,0,0,0,0,4
1,Q70,RHU,PORTSMOUTH HOSPITALS NHS TRUST,RHU03,Queen Alexandra Hospital - RHU03,0,410,,NA,0,0,0,0,0,0
1,Q70,RHU,PORTSMOUTH HOSPITALS NHS TRUST,RHU02,St Mary's Hospital - RHU02,16,16,,57,4,3,0,0,0,9
1,Q70,RDZ,THE ROYAL BOURNEMOUTH AND CHRISTCHURCH HOSPITALS NHS FOUNDATION TRUST,RDZ20,Royal Bournemouth General Hospital - RDZ20,39,250,,64,25,14,0,0,0,0
1,Q70,RHM,UNIVERSITY HOSPITAL SOUTHAMPTON NHS FOUNDATION TRUST,RHM12,Princess Anne Hospital - RHM12,127,425,,64,84,34,2,2,1,4
1,Q71,RF4,"BARKING, HAVERING AND REDBRIDGE UNIVERSITY HOSPITALS NHS TRUST",RF4QH,Queen's Hospital - RF4QH,205,636,,73,150,51,1,1,0,2
1,Q71,RVL,BARNET AND CHASE FARM HOSPITALS NHS TRUST,RVL01,Barnet Hospital - RVL01,121,408,,11,38,24,5,9,14,31
1,Q71,R1H,BARTS HEALTH NHS TRUST,R1H90,Blt Birth Centre - R1H90,10,22,,70,7,3,0,0,0,0
1,Q71,R1H,BARTS HEALTH NHS TRUST,R1HNH,Newham General Hospital - R1HNH,62,422,,44,31,27,4,0,0,0
1,Q71,R1H,BARTS HEALTH NHS TRUST,R1HXXX,Non-hospital site - R1HXXX,9,52,,88,7,1,0,0,0,1
1,Q71,R1H,BARTS HEALTH NHS TRUST,R1H12,The Royal London Hospital - R1H12,7,409,,-29,*,*,*,*,*,*
1,Q71,R1H,BARTS HEALTH NHS TRUST,R1HKH,Whipps Cross University Hospital - R1HKH,4,410,,-50,*,*,*,*,*,*
1,Q71,RQM,CHELSEA AND WESTMINSTER HOSPITAL NHS FOUNDATION TRUST,RQM01,Chelsea and Westminster Hospital - RQM01,50,241,,58,33,13,3,1,0,0
1,Q71,RJ6,CROYDON HEALTH SERVICES NHS TRUST,RJ611,Mayday University Hospital - RJ611,157,367,,59,103,43,8,1,2,0
1,Q71,RC3,EALING HOSPITAL NHS TRUST,RC368,Ealing Hospital - RC368,22,235,,68,15,7,0,0,0,0
1,Q71,RVR,EPSOM AND ST HELIER UNIVERSITY HOSPITALS NHS TRUST,RVR50,Epsom Hospital - RVR50,5,163,,40,2,3,0,0,0,0
1,Q71,RVR,EPSOM AND ST HELIER UNIVERSITY HOSPITALS NHS TRUST,RVRXXX,Non-hospital site - RVRXXX,44,77,,72,31,12,0,0,0,1
1,Q71,RVR,EPSOM AND ST HELIER UNIVERSITY HOSPITALS NHS TRUST,RVR05,St Helier Hospital - RVR05,15,205,,33,7,6,0,1,1,0
1,Q71,RJ1,GUY'S AND ST THOMAS' NHS FOUNDATION TRUST,RJ122,St Thomas' Hospital - RJ122,51,351,,65,39,6,2,4,0,0
1,Q71,RQX,HOMERTON UNIVERSITY HOSPITAL NHS FOUNDATION TRUST,RQXM1,Homerton University Hospital - RQXM1,27,350,,70,19,8,0,0,0,0
1,Q71,RYJ,IMPERIAL COLLEGE HEALTHCARE NHS TRUST,RYJ04,Queen Charlotte's Hospital - RYJ04,28,324,,36,12,14,1,1,0,0
1,Q71,RYJ,IMPERIAL COLLEGE HEALTHCARE NHS TRUST,RYJ01,St Mary's Hospital (HQ) - RYJ01,31,223,,0,8,15,6,2,0,0
1,Q71,RJZ,KING'S COLLEGE HOSPITAL NHS FOUNDATION TRUST,RJZ01,King's College Hospital (Denmark Hill) - RJZ01,55,466,,62,36,17,1,1,0,0
1,Q71,RJZ,KING'S COLLEGE HOSPITAL NHS FOUNDATION TRUST,RJZ30,Princess Royal University Hospital - RJZ30,42,437,,41,22,11,3,3,0,3
1,Q71,RAX,KINGSTON HOSPITAL NHS FOUNDATION TRUST,RAX01,Kingston Hospital - RAX01,43,404,,51,25,15,2,1,0,0
1,Q71,RAX,KINGSTON HOSPITAL NHS FOUNDATION TRUST,RAXXXX,Non-hospital site - RAXXXX,36,83,,58,21,15,0,0,0,0
1,Q71,RJ2,LEWISHAM AND GREENWICH NHS TRUST,RJ2XXX,Non-hospital site - RJ2XXX,127,515,,71,90,36,0,0,0,1
1,Q71,RJ2,LEWISHAM AND GREENWICH NHS TRUST,RJ231,Queen Elizabeth Hospital - RJ231,13,177,,15,4,7,1,1,0,0
1,Q71,RJ2,LEWISHAM AND GREENWICH NHS TRUST,RJ224,University Hospital Lewisham - RJ224,35,140,,71,26,8,1,0,0,0
1,Q71,RAP,NORTH MIDDLESEX UNIVERSITY HOSPITAL NHS TRUST,RAPNM,North Middlesex Hospital - RAPNM,13,444,,31,*,*,*,*,*,*
1,Q71,RV8,NORTH WEST LONDON HOSPITALS NHS TRUST,RV831,Central Middlesex Hospital - RV831,20,258,,65,14,5,0,1,0,0
1,Q71,RV8,NORTH WEST LONDON HOSPITALS NHS TRUST,RV8XXX,Non-hospital site - RV8XXX,11,48,,82,9,2,0,0,0,0
1,Q71,RV8,NORTH WEST LONDON HOSPITALS NHS TRUST,RV820,Northwick Park Hospital - RV820,81,172,,34,34,38,6,0,1,2
1,Q71,RAL,ROYAL FREE LONDON NHS FOUNDATION TRUST,RALXXX,Non-hospital site - RALXXX,3,214,,67,*,*,*,*,*,*
1,Q71,RJ7,ST GEORGE'S HEALTHCARE NHS TRUST,RJ7XXX,Non-hospital site - RJ7XXX,56,129,,57,34,20,0,2,0,0
1,Q71,RJ7,ST GEORGE'S HEALTHCARE NHS TRUST,RJ701,St George's Hospital (Tooting) - RJ701,56,315,,52,32,21,0,1,2,0
1,Q71,RAS,THE HILLINGDON HOSPITALS NHS FOUNDATION TRUST,RAS01,Hillingdon Hospital - RAS01,31,309,,54,18,7,1,1,1,3
1,Q71,RKE,THE WHITTINGTON HOSPITAL NHS TRUST,RKEXXX,Non-hospital site - RKEXXX,25,258,,72,19,5,1,0,0,0
1,Q71,RKE,THE WHITTINGTON HOSPITAL NHS TRUST,RKEQ4,The Whittington Hospital - RKEQ4,0,64,,NA,0,0,0,0,0,0
1,Q71,RRV,UNIVERSITY COLLEGE LONDON HOSPITALS NHS FOUNDATION TRUST,RRV11,University College Hospital Elizabeth Garrett Anderson Wing - RRV11,231,536,,67,163,59,5,2,1,1
1,Q71,RFW,WEST MIDDLESEX UNIVERSITY HOSPITAL NHS TRUST,RFW01,West Middlesex University Hospital - RFW01,21,474,,43,9,12,0,0,0,0
2,Q44,RJR,COUNTESS OF CHESTER HOSPITAL NHS FOUNDATION TRUST,RJR05,Countess Of Chester Hospital - RJR05,64,235,0.272340426,90,56,6,0,0,0,2
2,Q44,RJN,EAST CHESHIRE NHS TRUST,RJN71,Macclesfield District General Hospital - RJN71,78,142,0.549295775,92,72,6,0,0,0,0
2,Q44,RBT,MID CHESHIRE HOSPITALS NHS FOUNDATION TRUST,RBT20,Leighton Hospital - RBT20,36,258,0.139534884,57,25,5,4,1,0,1
2,Q44,RWW,WARRINGTON AND HALTON HOSPITALS NHS FOUNDATION TRUST,RWWWH,Warrington Hospital - RWWWH,86,176,0.488636364,65,38,18,0,1,0,29
2,Q44,RBL,WIRRAL UNIVERSITY TEACHING HOSPITAL NHS FOUNDATION TRUST,RBL14,Arrowe Park Hospital - RBL14,91,272,0.334558824,81,76,13,1,1,0,0
2,Q45,RXP,COUNTY DURHAM AND DARLINGTON NHS FOUNDATION TRUST,RXPDA,Darlington Memorial Hospital - RXPDA,80,173,0.462427746,78,*,*,*,*,*,*
2,Q45,RXP,COUNTY DURHAM AND DARLINGTON NHS FOUNDATION TRUST,RXPXXX,Non-hospital site - RXPXXX,2,0,0,100,*,*,*,*,*,*
2,Q45,RXP,COUNTY DURHAM AND DARLINGTON NHS FOUNDATION TRUST,RXPCP,University Hospital Of North Durham - RXPCP,97,282,0.343971631,82,80,15,1,0,0,1
2,Q45,RVW,NORTH TEES AND HARTLEPOOL NHS FOUNDATION TRUST,RVWXXX,Non-hospital site - RVWXXX,0,0,0,NA,0,0,0,0,0,0
2,Q45,RVW,NORTH TEES AND HARTLEPOOL NHS FOUNDATION TRUST,RVWAA,University Hospital Of Hartlepool - RVWAA,8,15,0.533333333,88,7,1,0,0,0,0
2,Q45,RVW,NORTH TEES AND HARTLEPOOL NHS FOUNDATION TRUST,RVWAE,University Hospital Of North Tees - RVWAE,69,244,0.282786885,68,48,20,1,0,0,0
2,Q45,RTR,SOUTH TEES HOSPITALS NHS FOUNDATION TRUST,RTR45,Friarage Hospital Site - RTR45,18,93,0.193548387,93,14,1,0,0,0,3
2,Q45,RTR,SOUTH TEES HOSPITALS NHS FOUNDATION TRUST,RTRXXX,Non-hospital site - RTRXXX,0,5,0,NA,0,0,0,0,0,0
2,Q45,RTR,SOUTH TEES HOSPITALS NHS FOUNDATION TRUST,RTRAT,The James Cook University Hospital - RTRAT,36,308,0.116883117,52,19,9,1,2,0,5
2,Q46,RMC,BOLTON NHS FOUNDATION TRUST,RMC01,Royal Bolton Hospital - RMC01,115,500,0.23,92,106,7,1,0,0,1
2,Q46,RY2,BRIDGEWATER COMMUNITY HEALTHCARE NHS TRUST,RY28P,Health Care Resource Centre - RY28P,0,0,0,NA,0,0,0,0,0,0
2,Q46,RY2,BRIDGEWATER COMMUNITY HEALTHCARE NHS TRUST,RY2XXX,Non-hospital site - RY2XXX,0,0,0,NA,0,0,0,0,0,0
2,Q46,RW3,CENTRAL MANCHESTER UNIVERSITY HOSPITALS NHS FOUNDATION TRUST,RW3XXX,Non-hospital site - RW3XXX,0,9,0,NA,0,0,0,0,0,0
2,Q46,RW3,CENTRAL MANCHESTER UNIVERSITY HOSPITALS NHS FOUNDATION TRUST,RW3SM,St Mary's Hospital - RW3SM,110,761,0.144546649,74,86,19,2,1,2,0
2,Q46,RW6,PENNINE ACUTE HOSPITALS NHS TRUST,RW6XXX,Non-hospital site - RW6XXX,1,29,0.034482759,100,*,*,*,*,*,*
2,Q46,RW6,PENNINE ACUTE HOSPITALS NHS TRUST,RW602,North Manchester General Hospital - RW602,154,382,0.403141361,70,113,28,3,3,2,5
2,Q46,RW6,PENNINE ACUTE HOSPITALS NHS TRUST,RW603,Royal Oldham Hospital - RW603,113,431,0.262180974,77,*,*,*,*,*,*
2,Q46,RWJ,STOCKPORT NHS FOUNDATION TRUST,RWJXXX,Non-hospital site - RWJXXX,3,7,0.428571429,67,*,*,*,*,*,*
2,Q46,RWJ,STOCKPORT NHS FOUNDATION TRUST,RWJ09,Stepping Hill Hospital - RWJ09,122,284,0.429577465,71,*,*,*,*,*,*
2,Q46,RMP,TAMESIDE HOSPITAL NHS FOUNDATION TRUST,RMP01,Tameside General Hospital - RMP01,55,179,0.30726257,84,47,7,1,0,0,0
2,Q46,RM2,UNIVERSITY HOSPITAL OF SOUTH MANCHESTER NHS FOUNDATION TRUST,RM202,Wythenshawe Hospital - RM202,84,374,0.22459893,91,72,7,0,0,0,5
2,Q46,RRF,"WRIGHTINGTON, WIGAN AND LEIGH NHS FOUNDATION TRUST",RRF02,Royal Albert Edward Infirmary - RRF02,44,208,0.211538462,80,36,7,1,0,0,0
2,Q47,RXL,BLACKPOOL TEACHING HOSPITALS NHS FOUNDATION TRUST,RXL01,Blackpool Victoria Hospital - RXL01,30,253,0.118577075,90,*,*,*,*,*,*
2,Q47,RXL,BLACKPOOL TEACHING HOSPITALS NHS FOUNDATION TRUST,RXLXXX,Non-hospital site - RXLXXX,2,0,0,100,*,*,*,*,*,*
2,Q47,RXR,EAST LANCASHIRE HOSPITALS NHS TRUST,RXR20,Royal Blackburn Hospital - RXR20,110,507,0.216962525,94,102,7,0,0,0,1
2,Q47,RXN,LANCASHIRE TEACHING HOSPITALS NHS FOUNDATION TRUST,RXN01,Chorley and South Ribble Hospital - RXN01,2,20,0.1,100,*,*,*,*,*,*
2,Q47,RXN,LANCASHIRE TEACHING HOSPITALS NHS FOUNDATION TRUST,RXN02,Royal Preston Hospital - RXN02,40,317,0.126182965,23,*,*,*,*,*,*
2,Q48,REP,LIVERPOOL WOMEN'S NHS FOUNDATION TRUST,REP01,Liverpool Womens Hospital - REP01,66,660,0.1,75,50,12,1,1,0,2
2,Q48,RVY,SOUTHPORT AND ORMSKIRK HOSPITAL NHS TRUST,RVY02,Ormskirk and District General Hospital - RVY02,54,249,0.21686747,65,39,8,2,1,2,2
2,Q48,RBN,ST HELENS AND KNOWSLEY HOSPITALS NHS TRUST,RBN01,Whiston Hospital - RBN01,66,306,0.215686275,89,59,7,0,0,0,0
2,Q49,RLN,CITY HOSPITALS SUNDERLAND NHS FOUNDATION TRUST,RLNGL,Sunderland Royal Hospital - RLNGL,139,257,0.540856031,84,115,18,2,0,0,4
2,Q49,RR7,GATESHEAD HEALTH NHS FOUNDATION TRUST,RR7EN,Queen Elizabeth Hospital - RR7EN,49,133,0.368421053,88,43,6,0,0,0,0
2,Q49,RNL,NORTH CUMBRIA UNIVERSITY HOSPITALS NHS TRUST,RNLAY,Cumberland Infirmary - RNLAY,56,165,0.339393939,66,39,15,1,0,1,0
2,Q49,RNL,NORTH CUMBRIA UNIVERSITY HOSPITALS NHS TRUST,RNLXXX,Non-hospital site - RNLXXX,0,5,0,NA,0,0,0,0,0,0
2,Q49,RNL,NORTH CUMBRIA UNIVERSITY HOSPITALS NHS TRUST,RNLBE,Penrith Hospital - RNLBE,0,4,0,NA,0,0,0,0,0,0
2,Q49,RNL,NORTH CUMBRIA UNIVERSITY HOSPITALS NHS TRUST,RNLBX,West Cumberland Hospital - RNLBX,78,100,0.78,74,60,16,2,0,0,0
2,Q49,RTF,NORTHUMBRIA HEALTHCARE NHS FOUNDATION TRUST,RTFDJ,Alnwick Infirmary - RTFDJ,1,1,1,100,*,*,*,*,*,*
2,Q49,RTF,NORTHUMBRIA HEALTHCARE NHS FOUNDATION TRUST,RTFDR,Hexham General Hospital - RTFDR,6,6,1,100,*,*,*,*,*,*
2,Q49,RTF,NORTHUMBRIA HEALTHCARE NHS FOUNDATION TRUST,RTFXXX,Non-hospital site - RTFXXX,0,1,0,NA,0,0,0,0,0,0
2,Q49,RTF,NORTHUMBRIA HEALTHCARE NHS FOUNDATION TRUST,RTFFS,North Tyneside General Hospital - RTFFS,0,19,0,NA,0,0,0,0,0,0
2,Q49,RTF,NORTHUMBRIA HEALTHCARE NHS FOUNDATION TRUST,RTFED,Wansbeck Hospital - RTFED,53,158,0.335443038,42,25,25,1,1,1,0
2,Q49,RE9,SOUTH TYNESIDE NHS FOUNDATION TRUST,RE9XXX,Non-hospital site - RE9XXX,0,0,0,NA,0,0,0,0,0,0
2,Q49,RE9,SOUTH TYNESIDE NHS FOUNDATION TRUST,RE9GA,South Tyneside District Hospital - RE9GA,32,98,0.326530612,94,30,2,0,0,0,0
2,Q49,RTD,THE NEWCASTLE UPON TYNE HOSPITALS NHS FOUNDATION TRUST,RTD02,The Royal Victoria Infirmary - RTD02,170,647,0.262751159,95,161,9,0,0,0,0
2,Q49,RTX,UNIVERSITY HOSPITALS OF MORECAMBE BAY NHS FOUNDATION TRUST,RTXBU,Furness General Hospital - RTXBU,16,82,0.195121951,81,*,*,*,*,*,*
2,Q49,RTX,UNIVERSITY HOSPITALS OF MORECAMBE BAY NHS FOUNDATION TRUST,RTX02,Royal Lancaster Infirmary - RTX02,17,175,0.097142857,65,12,4,1,0,0,0
2,Q49,RTX,UNIVERSITY HOSPITALS OF MORECAMBE BAY NHS FOUNDATION TRUST,RTXBW,Westmorland General Hospital - RTXBW,4,20,0.2,100,*,*,*,*,*,*
2,Q50,RCD,HARROGATE AND DISTRICT NHS FOUNDATION TRUST,RCD01,Harrogate District Hospital - RCD01,32,163,0.196319018,94,30,2,0,0,0,0
2,Q50,RWA,HULL AND EAST YORKSHIRE HOSPITALS NHS TRUST,RWA01,Hull Royal Infirmary - RWA01,112,465,0.240860215,83,87,16,1,0,0,8
2,Q50,RWA,HULL AND EAST YORKSHIRE HOSPITALS NHS TRUST,RWAXXX,Non-hospital site - RWAXXX,0,11,0,NA,0,0,0,0,0,0
2,Q50,RJL,NORTHERN LINCOLNSHIRE AND GOOLE NHS FOUNDATION TRUST,RJL30,"Diana, Princess Of Wales Hospital - RJL30",45,207,0.217391304,89,40,5,0,0,0,0
2,Q50,RJL,NORTHERN LINCOLNSHIRE AND GOOLE NHS FOUNDATION TRUST,RJL31,Goole and District Hospital (Acute) - RJL31,0,7,0,NA,0,0,0,0,0,0
2,Q50,RJL,NORTHERN LINCOLNSHIRE AND GOOLE NHS FOUNDATION TRUST,RJL32,Scunthorpe General Hospital - RJL32,36,149,0.241610738,83,30,6,0,0,0,0
2,Q50,RCB,YORK TEACHING HOSPITAL NHS FOUNDATION TRUST,RCBCA,Scarborough General Hospital - RCBCA,34,118,0.288135593,85,29,5,0,0,0,0
2,Q50,RCB,YORK TEACHING HOSPITAL NHS FOUNDATION TRUST,RCB55,York Hospital - RCB55,100,285,0.350877193,74,75,22,2,0,0,1
2,Q51,RFF,BARNSLEY HOSPITAL NHS FOUNDATION TRUST,RFFAA,Barnsley Hospital NHS Foundation Trust HQ - RFFAA,104,201,0.517412935,75,80,18,3,0,1,2
2,Q51,RP5,DONCASTER AND BASSETLAW HOSPITALS NHS FOUNDATION TRUST,RP5BA,Bassetlaw Hospital - RP5BA,24,137,0.175182482,91,21,2,0,0,0,1
2,Q51,RP5,DONCASTER AND BASSETLAW HOSPITALS NHS FOUNDATION TRUST,RP5DR,Doncaster Royal Infirmary - RP5DR,13,298,0.043624161,62,8,5,0,0,0,0
2,Q51,RP5,DONCASTER AND BASSETLAW HOSPITALS NHS FOUNDATION TRUST,RP5XXX,Non-hospital site - RP5XXX,0,9,0,NA,0,0,0,0,0,0
2,Q51,RHQ,SHEFFIELD TEACHING HOSPITALS NHS FOUNDATION TRUST,RHQHH,Royal Hallamshire Hospital - RHQHH,73,587,0.124361158,67,55,12,4,1,1,0
2,Q51,RFR,THE ROTHERHAM NHS FOUNDATION TRUST,RFRPA,Rotherham District General Hospital - RFRPA,61,215,0.28372093,90,55,6,0,0,0,0
2,Q52,RCF,AIREDALE NHS FOUNDATION TRUST,RCF22,Airedale General Hospital - RCF22,59,191,0.308900524,81,48,11,0,0,0,0
2,Q52,RAE,BRADFORD TEACHING HOSPITALS NHS FOUNDATION TRUST,RAE01,Bradford Royal Infirmary - RAE01,209,547,0.382084095,76,158,47,1,0,0,3
2,Q52,RWY,CALDERDALE AND HUDDERSFIELD NHS FOUNDATION TRUST,RWY02,Calderdale Royal Hospital - RWY02,85,417,0.20383693,68,64,15,1,2,3,0
2,Q52,RWY,CALDERDALE AND HUDDERSFIELD NHS FOUNDATION TRUST,RWY01,Huddersfield Royal Infirmary - RWY01,24,51,0.470588235,92,22,2,0,0,0,0
2,Q52,RR8,LEEDS TEACHING HOSPITALS NHS TRUST,RR801,Leeds General Infirmary - RR801,23,419,0.054892601,95,21,1,0,0,0,1
2,Q52,RR8,LEEDS TEACHING HOSPITALS NHS TRUST,RR8XXX,Non-Hospital Site - RR8XXX,0,10,0,NA,0,0,0,0,0,0
2,Q52,RR8,LEEDS TEACHING HOSPITALS NHS TRUST,RR813,St James's University Hospital - RR813,11,381,0.028871391,91,10,1,0,0,0,0
2,Q52,RXF,MID YORKSHIRE HOSPITALS NHS TRUST,RXF10,Dewsbury and District Hospital - RXF10,72,202,0.356435644,71,52,19,1,0,0,0
2,Q52,RXF,MID YORKSHIRE HOSPITALS NHS TRUST,RXFXXX,Non-hospital site - RXFXXX,1,7,0.142857143,100,*,*,*,*,*,*
2,Q52,RXF,MID YORKSHIRE HOSPITALS NHS TRUST,RXF05,Pinderfields General Hospital - RXF05,23,317,0.072555205,65,18,2,1,2,0,0
2,Q52,RXF,MID YORKSHIRE HOSPITALS NHS TRUST,RXF03,Pontefract General Infirmary - RXF03,17,27,0.62962963,88,*,*,*,*,*,*
2,Q53,RLT,GEORGE ELIOT HOSPITAL NHS TRUST,RLT01,George Eliot Hospital - Acute Services - RLT01,30,160,0.1875,97,29,1,0,0,0,0
2,Q53,RJC,SOUTH WARWICKSHIRE NHS FOUNDATION TRUST,RJCXXX,Non-hospital site - RJCXXX,0,2,0,NA,0,0,0,0,0,0
2,Q53,RJC,SOUTH WARWICKSHIRE NHS FOUNDATION TRUST,RJC02,Warwick Hospital - RJC02,67,201,0.333333333,88,56,8,0,0,0,3
2,Q53,RKB,UNIVERSITY HOSPITALS COVENTRY AND WARWICKSHIRE NHS TRUST,RKB03,Hospital Of St Cross - RKB03,0,0,0,NA,0,0,0,0,0,0
2,Q53,RKB,UNIVERSITY HOSPITALS COVENTRY AND WARWICKSHIRE NHS TRUST,RKBXXX,Non-hospital site - RKBXXX,1,2,0.5,100,*,*,*,*,*,*
2,Q53,RKB,UNIVERSITY HOSPITALS COVENTRY AND WARWICKSHIRE NHS TRUST,RKB01,University Hospital (Coventry) - RKB01,57,489,0.116564417,56,*,*,*,*,*,*
2,Q53,RWP,WORCESTERSHIRE ACUTE HOSPITALS NHS TRUST,RWP01,Alexandra Hospital - RWP01,25,158,0.158227848,100,25,0,0,0,0,0
2,Q53,RWP,WORCESTERSHIRE ACUTE HOSPITALS NHS TRUST,RWP31,Kidderminster Hospital - RWP31,0,1,0,NA,0,0,0,0,0,0
2,Q53,RWP,WORCESTERSHIRE ACUTE HOSPITALS NHS TRUST,RWP50,Worcestershire Royal Hospital - RWP50,76,308,0.246753247,83,65,9,2,0,0,0
2,Q53,RLQ,WYE VALLEY NHS TRUST,RLQ01,Hereford County Hospital - RLQ01,95,134,0.708955224,68,65,26,1,0,1,2
2,Q54,RLU,BIRMINGHAM WOMEN'S NHS FOUNDATION TRUST,RLU01,Birmingham Women's Hospital - RLU01,24,678,0.03539823,79,*,*,*,*,*,*
2,Q54,RR1,HEART OF ENGLAND NHS FOUNDATION TRUST,RR105,Good Hope Hospital - RR105,84,286,0.293706294,63,60,17,3,1,3,0
2,Q54,RR1,HEART OF ENGLAND NHS FOUNDATION TRUST,RR101,Heartlands Hospital - RR101,87,535,0.162616822,47,53,20,3,4,6,1
2,Q54,RR1,HEART OF ENGLAND NHS FOUNDATION TRUST,RR109,Solihull Hospital - RR109,10,25,0.4,100,10,0,0,0,0,0
2,Q54,RXK,SANDWELL AND WEST BIRMINGHAM HOSPITALS NHS TRUST,RXK02,City Hospital - RXK02,4,405,0.009876543,33,*,*,*,*,*,*
2,Q54,RNA,THE DUDLEY GROUP NHS FOUNDATION TRUST,RNA01,Russells Hall Hospital - RNA01,125,376,0.332446809,85,108,14,0,2,0,1
2,Q54,RL4,THE ROYAL WOLVERHAMPTON NHS TRUST,RL403,New Cross Hospital - RL403,47,374,0.125668449,91,43,4,0,0,0,0
2,Q54,RBK,WALSALL HEALTHCARE NHS TRUST,RBK02,Manor Hospital - RBK02,62,365,0.169863014,76,45,14,0,0,0,3
2,Q55,RFS,CHESTERFIELD ROYAL HOSPITAL NHS FOUNDATION TRUST,RFSDA,Chesterfield Royal Hospital - RFSDA,52,243,0.21399177,74,38,11,1,0,0,2
2,Q55,RFS,CHESTERFIELD ROYAL HOSPITAL NHS FOUNDATION TRUST,RFSXXX,Non-hospital site - RFSXXX,0,2,0,NA,0,0,0,0,0,0
2,Q55,RTG,DERBY HOSPITALS NHS FOUNDATION TRUST,RTGFG,Royal Derby Hospital - RTGFG,66,535,0.123364486,83,57,7,1,1,0,0
2,Q55,RX1,NOTTINGHAM UNIVERSITY HOSPITALS NHS TRUST,RX1XXX,Non-hospital site - RX1XXX,2,16,0.125,100,*,*,*,*,*,*
2,Q55,RX1,NOTTINGHAM UNIVERSITY HOSPITALS NHS TRUST,RX1CC,Nottingham University Hospitals NHS Trust - City Campus - RX1CC,26,443,0.058690745,96,*,*,*,*,*,*
2,Q55,RX1,NOTTINGHAM UNIVERSITY HOSPITALS NHS TRUST,RX1RA,Nottingham University Hospitals NHS Trust - Queen's Medical Centre Campus - RX1RA,60,387,0.15503876,87,52,8,0,0,0,0
2,Q55,RK5,SHERWOOD FOREST HOSPITALS NHS FOUNDATION TRUST,RK5BC,King's Mill Hospital - RK5BC,24,278,0.086330935,83,*,*,*,*,*,*
2,Q55,RK5,SHERWOOD FOREST HOSPITALS NHS FOUNDATION TRUST,RK5XXX,Non-hospital site - RK5XXX,2,10,0.2,50,*,*,*,*,*,*
2,Q56,RGT,CAMBRIDGE UNIVERSITY HOSPITALS NHS FOUNDATION TRUST,RGT32,Rosie Hospital - RGT32,68,448,0.151785714,76,52,16,0,0,0,0
2,Q56,RQQ,HINCHINGBROOKE HEALTH CARE NHS TRUST,RQQ31,Hinchingbrooke Hospital - RQQ31,55,196,0.280612245,75,44,8,3,0,0,0
2,Q56,RGQ,IPSWICH HOSPITAL NHS TRUST,RGQ02,The Ipswich Hospital NHS Trust - RGQ02,87,314,0.277070064,83,72,13,0,1,0,1
2,Q56,RGP,JAMES PAGET UNIVERSITY HOSPITALS NHS FOUNDATION TRUST,RGP75,James Paget University Hospital - RGP75,14,170,0.082352941,86,12,2,0,0,0,0
2,Q56,RM1,NORFOLK AND NORWICH UNIVERSITY HOSPITALS NHS FOUNDATION TRUST,RM102,Norfolk and Norwich University Hospital - RM102,77,474,0.162447257,84,65,12,0,0,0,0
2,Q56,RGN,PETERBOROUGH AND STAMFORD HOSPITALS NHS FOUNDATION TRUST,RGN80,Peterborough City Hospital - RGN80,92,419,0.219570406,80,70,18,0,0,0,4
2,Q56,RCX,"THE QUEEN ELIZABETH HOSPITAL, KING'S LYNN, NHS FOUNDATION TRUST",RCXXXX,Non-hospital site - RCXXXX,0,4,0,NA,0,0,0,0,0,0
2,Q56,RCX,"THE QUEEN ELIZABETH HOSPITAL, KING'S LYNN, NHS FOUNDATION TRUST",RCX70,The Queen Elizabeth Hospital - RCX70,39,173,0.225433526,69,25,11,0,0,0,3
2,Q56,RGR,WEST SUFFOLK NHS FOUNDATION TRUST,RGR50,West Suffolk Hospital - RGR50,111,249,0.445783133,77,91,13,5,1,0,1
2,Q57,RDD,BASILDON AND THURROCK UNIVERSITY HOSPITALS NHS FOUNDATION TRUST,RDDH0,Basildon University Hospital - RDDH0,35,139,0.251798561,94,33,2,0,0,0,0
2,Q57,RDE,COLCHESTER HOSPITAL UNIVERSITY NHS FOUNDATION TRUST,RDEE4,Colchester General Hospital - RDEE4,66,303,0.217821782,89,60,5,1,0,0,0
2,Q57,RDE,COLCHESTER HOSPITAL UNIVERSITY NHS FOUNDATION TRUST,RDEXXX,Non-hospital site - RDEXXX,0,17,0,NA,0,0,0,0,0,0
2,Q57,RQ8,MID ESSEX HOSPITAL SERVICES NHS TRUST,RQ8L0,Broomfield Hospital - RQ8L0,117,379,0.308707124,80,94,23,0,0,0,0
2,Q57,RAJ,SOUTHEND UNIVERSITY HOSPITAL NHS FOUNDATION TRUST,RAJ01,Southend Hospital - RAJ01,54,338,0.159763314,78,45,6,0,2,1,0
2,Q57,RQW,THE PRINCESS ALEXANDRA HOSPITAL NHS TRUST,RQWG0,Princess Alexandra Hospital - RQWG0,190,377,0.50397878,87,169,16,3,1,0,1
2,Q58,RC1,BEDFORD HOSPITAL NHS TRUST,RC110,Bedford Hospital South Wing - RC110,52,81,0.641975309,90,48,3,1,0,0,0
2,Q58,RWH,EAST AND NORTH HERTFORDSHIRE NHS TRUST,RWH01,Lister Hospital - RWH01,285,479,0.594989562,66,195,76,5,4,1,4
2,Q58,RWH,EAST AND NORTH HERTFORDSHIRE NHS TRUST,RWHXXX,Non-hospital site - RWHXXX,0,14,0,NA,0,0,0,0,0,0
2,Q58,RNQ,KETTERING GENERAL HOSPITAL NHS FOUNDATION TRUST,RNQ51,Kettering General Hospital - RNQ51,98,263,0.372623574,85,84,13,1,0,0,0
2,Q58,RC9,LUTON AND DUNSTABLE UNIVERSITY HOSPITAL NHS FOUNDATION TRUST,RC971,Luton and Dunstable Hospital - RC971,122,401,0.304239401,70,86,35,1,0,0,0
2,Q58,RD8,MILTON KEYNES HOSPITAL NHS FOUNDATION TRUST,RD816,Milton Keynes Hospital - RD816,51,259,0.196911197,94,48,3,0,0,0,0
2,Q58,RNS,NORTHAMPTON GENERAL HOSPITAL NHS TRUST,RNS01,Northampton General Hospital (Acute) - RNS01,187,376,0.497340426,72,139,40,5,1,0,2
2,Q58,RWG,WEST HERTFORDSHIRE HOSPITALS NHS TRUST,RWG02,Watford General Hospital - RWG02,53,481,0.11018711,71,38,13,1,0,0,1
2,Q59,RWD,UNITED LINCOLNSHIRE HOSPITALS NHS TRUST,RWDLP,Grantham and District Hospital - RWDLP,1,3,0.333333333,100,*,*,*,*,*,*
2,Q59,RWD,UNITED LINCOLNSHIRE HOSPITALS NHS TRUST,RWDDA,Lincoln County Hospital - RWDDA,40,262,0.152671756,78,32,7,1,0,0,0
2,Q59,RWD,UNITED LINCOLNSHIRE HOSPITALS NHS TRUST,RWDLA,Pilgrim Hospital - RWDLA,25,178,0.140449438,56,*,*,*,*,*,*
2,Q59,RWE,UNIVERSITY HOSPITALS OF LEICESTER NHS TRUST,RWEAK,Leicester General Hospital - RWEAK,264,388,0.680412371,61,170,83,8,2,0,1
2,Q59,RWE,UNIVERSITY HOSPITALS OF LEICESTER NHS TRUST,RWEAA,Leicester Royal Infirmary - RWEAA,232,497,0.466800805,63,157,63,5,4,2,1
2,Q59,RWE,UNIVERSITY HOSPITALS OF LEICESTER NHS TRUST,RWEXXX,Non-hospital site - RWEXXX,5,21,0.238095238,75,3,1,0,0,0,1
2,Q59,RWE,UNIVERSITY HOSPITALS OF LEICESTER NHS TRUST,RWE10,St Mary's Hospital - RWE10,18,23,0.782608696,82,15,1,1,0,0,1
2,Q60,RJF,BURTON HOSPITALS NHS FOUNDATION TRUST,RJF02,"Queen's Hospital, Burton Upon Trent - RJF02",131,259,0.505791506,87,115,13,2,0,0,1
2,Q60,RJD,MID STAFFORDSHIRE NHS FOUNDATION TRUST,RJD01,Stafford Hospital - RJD01,22,127,0.173228346,91,20,2,0,0,0,0
2,Q60,RXW,SHREWSBURY AND TELFORD HOSPITAL NHS TRUST,RXWMB,Bridgnorth Hospital (Maternity) - RXWMB,5,5,1,100,5,0,0,0,0,0
2,Q60,RXW,SHREWSBURY AND TELFORD HOSPITAL NHS TRUST,RXWML,Ludlow Hospital (Maternity) - RXWML,5,7,0.714285714,100,4,0,0,0,0,1
2,Q60,RXW,SHREWSBURY AND TELFORD HOSPITAL NHS TRUST,RXWXXX,Non-hospital site - RXWXXX,0,7,0,NA,0,0,0,0,0,0
2,Q60,RXW,SHREWSBURY AND TELFORD HOSPITAL NHS TRUST,RXWMJ,Robert Jones & Agnes Hunt Orthopaedic & District Hospital - RXWMJ,2,3,0.666666667,100,*,*,*,*,*,*
2,Q60,RXW,SHREWSBURY AND TELFORD HOSPITAL NHS TRUST,RXWAS,Royal Shrewsbury Hospital - RXWAS,96,355,0.270422535,88,56,8,0,0,0,32
2,Q60,RXW,SHREWSBURY AND TELFORD HOSPITAL NHS TRUST,RXWAT,The Princess Royal Hospital - RXWAT,3,26,0.115384615,100,*,*,*,*,*,*
2,Q60,RJE,UNIVERSITY HOSPITAL OF NORTH STAFFORDSHIRE NHS TRUST,RJE03,North Staffs Maternity Hospital - RJE03,25,494,0.050607287,78,18,5,0,0,0,2
2,Q64,RTE,GLOUCESTERSHIRE HOSPITALS NHS FOUNDATION TRUST,RTE01,Cheltenham General Hospital - RTE01,11,31,0.35483871,100,*,*,*,*,*,*
2,Q64,RTE,GLOUCESTERSHIRE HOSPITALS NHS FOUNDATION TRUST,RTE03,Gloucestershire Royal Hospital - RTE03,82,483,0.169772257,90,74,8,0,0,0,0
2,Q64,RTE,GLOUCESTERSHIRE HOSPITALS NHS FOUNDATION TRUST,RTEXXX,Non-hospital site - RTEXXX,0,13,0,NA,0,0,0,0,0,0
2,Q64,RTE,GLOUCESTERSHIRE HOSPITALS NHS FOUNDATION TRUST,RTE27,Stroud Maternity Hospital - RTE27,3,21,0.142857143,100,*,*,*,*,*,*
2,Q64,RN3,GREAT WESTERN HOSPITALS NHS FOUNDATION TRUST,RN333,Chippenham Community Hospital - RN333,3,15,0.2,67,*,*,*,*,*,*
2,Q64,RN3,GREAT WESTERN HOSPITALS NHS FOUNDATION TRUST,RN3C2,Frome Community Hospital - RN3C2,3,15,0.2,100,*,*,*,*,*,*
2,Q64,RN3,GREAT WESTERN HOSPITALS NHS FOUNDATION TRUST,RN3XXX,Non-hospital site - RN3XXX,1,20,0.05,100,*,*,*,*,*,*
2,Q64,RN3,GREAT WESTERN HOSPITALS NHS FOUNDATION TRUST,RN3C3,Paulton Memorial Hospital - RN3C3,7,14,0.5,86,6,1,0,0,0,0
2,Q64,RN3,GREAT WESTERN HOSPITALS NHS FOUNDATION TRUST,RN3C1,Princess Anne Wing RUH - RN3C1,0,313,0,NA,0,0,0,0,0,0
2,Q64,RN3,GREAT WESTERN HOSPITALS NHS FOUNDATION TRUST,RN3C4,Shepton Mallet Community Hospital - RN3C4,0,0,0,NA,0,0,0,0,0,0
2,Q64,RN3,GREAT WESTERN HOSPITALS NHS FOUNDATION TRUST,RN325,The Great Western Hospital - RN325,65,417,0.1558753,89,60,3,2,0,0,0
2,Q64,RN3,GREAT WESTERN HOSPITALS NHS FOUNDATION TRUST,RN334,Trowbridge Community Hospital - RN334,0,18,0,NA,0,0,0,0,0,0
2,Q64,RNZ,SALISBURY NHS FOUNDATION TRUST,RNZXXX,Non-hospital site - RNZXXX,0,9,0,NA,0,0,0,0,0,0
2,Q64,RNZ,SALISBURY NHS FOUNDATION TRUST,RNZ02,Salisbury District Hospital - RNZ02,51,186,0.274193548,96,48,2,0,0,0,1
2,Q65,RVJ,NORTH BRISTOL NHS TRUST,RVJ21,Cossham Hospital - RVJ21,0,36,0,NA,0,0,0,0,0,0
2,Q65,RVJ,NORTH BRISTOL NHS TRUST,RVJ01,Southmead Hospital - RVJ01,92,500,0.184,77,72,17,2,0,0,1
2,Q65,RBA,TAUNTON AND SOMERSET NHS FOUNDATION TRUST,RBA11,Musgrove Park Hospital - RBA11,34,306,0.111111111,79,*,*,*,*,*,*
2,Q65,RBA,TAUNTON AND SOMERSET NHS FOUNDATION TRUST,RBAXXX,Non-hospital site - RBAXXX,1,11,0.090909091,100,*,*,*,*,*,*
2,Q65,RA7,UNIVERSITY HOSPITALS BRISTOL NHS FOUNDATION TRUST,RA707,St Michael's Hospital - RA707,32,426,0.075117371,90,27,3,0,0,0,2
2,Q65,RA3,WESTON AREA HEALTH NHS TRUST,RA301,Weston General Hospital - RA301,12,24,0.5,92,11,1,0,0,0,0
2,Q65,RA4,YEOVIL DISTRICT HOSPITAL NHS FOUNDATION TRUST,RA430,Yeovil District Hospital - RA430,88,129,0.682170543,70,62,24,0,1,0,1
2,Q66,RBZ,NORTHERN DEVON HEALTHCARE NHS TRUST,RBZ12,North Devon District Hospital - RBZ12,11,132,0.083333333,100,11,0,0,0,0,0
2,Q66,RK9,PLYMOUTH HOSPITALS NHS TRUST,RK950,Derriford Hospital - RK950,169,345,0.489855072,78,135,31,3,0,0,0
2,Q66,RK9,PLYMOUTH HOSPITALS NHS TRUST,RK9XXX,Non-hospital site - RK9XXX,16,19,0.842105263,94,15,1,0,0,0,0
2,Q66,REF,ROYAL CORNWALL HOSPITALS NHS TRUST,REFXXX,Non-hospital site - REFXXX,6,57,0.105263158,50,3,3,0,0,0,0
2,Q66,REF,ROYAL CORNWALL HOSPITALS NHS TRUST,REF12,Royal Cornwall Hospital (Treliske) - REF12,66,292,0.226027397,69,48,14,3,0,0,1
2,Q66,RH8,ROYAL DEVON AND EXETER NHS FOUNDATION TRUST,RH801,Royal Devon and Exeter Hospital (Wonford) - RH801,93,253,0.367588933,86,82,9,0,2,0,0
2,Q66,RH8,ROYAL DEVON AND EXETER NHS FOUNDATION TRUST,RH853,Tiverton and District Hospital - RH853,5,3,1.666666667,100,5,0,0,0,0,0
2,Q66,RA9,SOUTH DEVON HEALTHCARE NHS FOUNDATION TRUST,RA957,Newton Abbot Community Hospital - RA957,2,14,0.142857143,100,*,*,*,*,*,*
2,Q66,RA9,SOUTH DEVON HEALTHCARE NHS FOUNDATION TRUST,RA9XXX,Non-hospital site - RA9XXX,2,11,0.181818182,100,*,*,*,*,*,*
2,Q66,RA9,SOUTH DEVON HEALTHCARE NHS FOUNDATION TRUST,RA901,Torbay Hospital - RA901,21,165,0.127272727,80,16,4,0,0,0,1
2,Q67,RN7,DARTFORD AND GRAVESHAM NHS TRUST,RN707,Darent Valley Hospital - RN707,161,344,0.468023256,88,143,17,1,0,0,0
2,Q67,RVV,EAST KENT HOSPITALS UNIVERSITY NHS FOUNDATION TRUST,RVVXXX,Non-hospital site - RVVXXX,1,18,0.055555556,100,*,*,*,*,*,*
2,Q67,RVV,EAST KENT HOSPITALS UNIVERSITY NHS FOUNDATION TRUST,RVV09,Queen Elizabeth The Queen Mother Hospital - RVV09,78,258,0.302325581,75,*,*,*,*,*,*
2,Q67,RVV,EAST KENT HOSPITALS UNIVERSITY NHS FOUNDATION TRUST,RVV01,William Harvey Hospital (Ashford) - RVV01,112,323,0.346749226,83,92,15,2,0,0,3
2,Q67,RWF,MAIDSTONE AND TUNBRIDGE WELLS NHS TRUST,RWF03,Maidstone District General Hospital - RWF03,17,43,0.395348837,100,*,*,*,*,*,*
2,Q67,RWF,MAIDSTONE AND TUNBRIDGE WELLS NHS TRUST,RWFXXX,Non-hospital site - RWFXXX,1,13,0.076923077,100,*,*,*,*,*,*
2,Q67,RWF,MAIDSTONE AND TUNBRIDGE WELLS NHS TRUST,RWFTW,The Tunbridge Wells Hospital - RWFTW,73,416,0.175480769,93,67,3,1,0,0,2
2,Q67,RPA,MEDWAY NHS FOUNDATION TRUST,RPA02,Medway Maritime Hospital - RPA02,51,351,0.145299145,86,44,7,0,0,0,0
2,Q68,RTK,ASHFORD AND ST PETER'S HOSPITALS NHS FOUNDATION TRUST,RTK01,St Peter's Hospital - RTK01,30,358,0.083798883,82,24,3,0,0,1,2
2,Q68,RXH,BRIGHTON AND SUSSEX UNIVERSITY HOSPITALS NHS TRUST,RXHXXX,Non-hospital site - RXHXXX,3,22,0.136363636,67,*,*,*,*,*,*
2,Q68,RXH,BRIGHTON AND SUSSEX UNIVERSITY HOSPITALS NHS TRUST,RXH09,Princess Royal Hospital - RXH09,13,181,0.071823204,100,*,*,*,*,*,*
2,Q68,RXH,BRIGHTON AND SUSSEX UNIVERSITY HOSPITALS NHS TRUST,RXH01,Royal Sussex County Hospital - RXH01,92,262,0.351145038,83,78,12,0,1,1,0
2,Q68,RXC,EAST SUSSEX HEALTHCARE NHS TRUST,RXC01,Conquest Hospital - RXC01,80,242,0.330578512,60,53,22,4,0,1,0
2,Q68,RXC,EAST SUSSEX HEALTHCARE NHS TRUST,RXC14,Crowborough Birthing Centre - RXC14,7,10,0.7,100,*,*,*,*,*,*
2,Q68,RXC,EAST SUSSEX HEALTHCARE NHS TRUST,RXC02,Eastbourne District General Hospital - RXC02,32,32,1,84,28,3,1,0,0,0
2,Q68,RXC,EAST SUSSEX HEALTHCARE NHS TRUST,RXCXXX,Non-hospital site - RXCXXX,4,14,0.285714286,67,*,*,*,*,*,*
2,Q68,RDU,FRIMLEY PARK HOSPITAL NHS FOUNDATION TRUST,RDU01,Frimley Park Hospital - RDU01,200,444,0.45045045,86,*,*,*,*,*,*
2,Q68,RDU,FRIMLEY PARK HOSPITAL NHS FOUNDATION TRUST,RDUXXX,Non-hospital site - RDUXXX,4,15,0.266666667,100,*,*,*,*,*,*
2,Q68,RA2,ROYAL SURREY COUNTY HOSPITAL NHS FOUNDATION TRUST,RA201,Royal Surrey County Hospital - RA201,80,234,0.341880342,85,71,6,1,1,1,0
2,Q68,RTP,SURREY AND SUSSEX HEALTHCARE NHS TRUST,RTP04,East Surrey Hospital - RTP04,76,399,0.19047619,71,54,22,0,0,0,0
2,Q68,RYR,WESTERN SUSSEX HOSPITALS NHS FOUNDATION TRUST,RYR16,St Richard's Hospital - RYR16,88,226,0.389380531,99,87,1,0,0,0,0
2,Q68,RYR,WESTERN SUSSEX HOSPITALS NHS FOUNDATION TRUST,RYR18,Worthing Hospital - RYR18,64,212,0.301886792,81,53,10,0,1,0,0
2,Q69,RXQ,BUCKINGHAMSHIRE HEALTHCARE NHS TRUST,RXQXXX,Non-hospital site - RXQXXX,0,6,0,NA,0,0,0,0,0,0
2,Q69,RXQ,BUCKINGHAMSHIRE HEALTHCARE NHS TRUST,RXQ02,Stoke Mandeville Hospital - RXQ02,43,433,0.099307159,86,37,6,0,0,0,0
2,Q69,RXQ,BUCKINGHAMSHIRE HEALTHCARE NHS TRUST,RXQ50,Wycombe Hospital - RXQ50,7,19,0.368421053,100,7,0,0,0,0,0
2,Q69,RD7,HEATHERWOOD AND WEXHAM PARK HOSPITALS NHS FOUNDATION TRUST,RD750,Wexham Park Hospital - RD750,45,282,0.159574468,69,32,12,1,0,0,0
2,Q69,RTH,OXFORD UNIVERSITY HOSPITALS NHS TRUST,RTH19,Chipping Norton Community Hospital - RTH19,0,11,0,NA,0,0,0,0,0,0
2,Q69,RTH,OXFORD UNIVERSITY HOSPITALS NHS TRUST,RTH05,Horton General Hospital - RTH05,0,115,0,NA,0,0,0,0,0,0
2,Q69,RTH,OXFORD UNIVERSITY HOSPITALS NHS TRUST,RTH08,John Radcliffe Hospital - RTH08,51,532,0.095864662,82,43,7,1,0,0,0
2,Q69,RTH,OXFORD UNIVERSITY HOSPITALS NHS TRUST,RTHXXX,Non-hospital site - RTHXXX,3,18,0.166666667,100,*,*,*,*,*,*
2,Q69,RTH,OXFORD UNIVERSITY HOSPITALS NHS TRUST,RTH16,Wallingford Community Hospital - RTH16,2,22,0.090909091,50,*,*,*,*,*,*
2,Q69,RTH,OXFORD UNIVERSITY HOSPITALS NHS TRUST,RTH21,Wantage Community Hospital - RTH21,1,5,0.2,100,*,*,*,*,*,*
2,Q69,RHW,ROYAL BERKSHIRE NHS FOUNDATION TRUST,RHW01,Royal Berkshire Hospital - RHW01,160,501,0.319361277,76,121,28,2,1,1,7
2,Q70,RBD,DORSET COUNTY HOSPITAL NHS FOUNDATION TRUST,RBD01,Dorset County Hospital - RBD01,46,149,0.308724832,78,37,8,1,0,0,0
2,Q70,RN5,HAMPSHIRE HOSPITALS NHS FOUNDATION TRUST,RN542,Andover War Memorial Hospital - RN542,5,12,0.416666667,100,5,0,0,0,0,0
2,Q70,RN5,HAMPSHIRE HOSPITALS NHS FOUNDATION TRUST,RN506,Basingstoke and North Hampshire Hospital - RN506,89,236,0.377118644,73,67,20,1,0,1,0
2,Q70,RN5,HAMPSHIRE HOSPITALS NHS FOUNDATION TRUST,RN541,Royal Hampshire County Hospital - RN541,34,206,0.165048544,85,29,5,0,0,0,0
2,Q70,R1F,ISLE OF WIGHT NHS TRUST,R1F01,St Mary's Hospital - R1F01,22,146,0.150684932,91,21,0,1,0,0,0
2,Q70,RD3,POOLE HOSPITAL NHS FOUNDATION TRUST,RD304,Poole General Hospital NHS Trust HQ - RD304,26,83,0.313253012,92,24,2,0,0,0,0
2,Q70,RHU,PORTSMOUTH HOSPITALS NHS TRUST,RHU10,Gosport War Memorial Hospital - RHU10,2,1,2,100,*,*,*,*,*,*
2,Q70,RHU,PORTSMOUTH HOSPITALS NHS TRUST,RHU04,Petersfield Community Hospital - RHU04,3,4,0.75,100,*,*,*,*,*,*
2,Q70,RHU,PORTSMOUTH HOSPITALS NHS TRUST,RHU03,Queen Alexandra Hospital - RHU03,155,464,0.334051724,83,90,16,0,0,1,48
2,Q70,RHU,PORTSMOUTH HOSPITALS NHS TRUST,RHU02,St Mary's Hospital - RHU02,2,10,0.2,100,*,*,*,*,*,*
2,Q70,RDZ,THE ROYAL BOURNEMOUTH AND CHRISTCHURCH HOSPITALS NHS FOUNDATION TRUST,RDZ20,Royal Bournemouth General Hospital - RDZ20,8,16,0.5,100,8,0,0,0,0,0
2,Q70,RHM,UNIVERSITY HOSPITAL SOUTHAMPTON NHS FOUNDATION TRUST,RHM12,Princess Anne Hospital - RHM12,129,491,0.262729124,69,93,30,4,0,1,1
2,Q71,RF4,"BARKING, HAVERING AND REDBRIDGE UNIVERSITY HOSPITALS NHS TRUST",RF4QH,Queen's Hospital - RF4QH,204,659,0.309559939,61,130,68,5,1,0,0
2,Q71,RVL,BARNET AND CHASE FARM HOSPITALS NHS TRUST,RVL01,Barnet Hospital - RVL01,61,408,0.149509804,61,40,18,3,0,0,0
2,Q71,R1H,BARTS HEALTH NHS TRUST,R1H90,Blt Birth Centre - R1H90,13,43,0.302325581,92,12,1,0,0,0,0
2,Q71,R1H,BARTS HEALTH NHS TRUST,R1HNH,Newham General Hospital - R1HNH,37,521,0.071017274,75,27,9,0,0,0,1
2,Q71,R1H,BARTS HEALTH NHS TRUST,R1HXXX,Non-hospital site - R1HXXX,9,17,0.529411765,75,6,2,0,0,0,1
2,Q71,R1H,BARTS HEALTH NHS TRUST,R1H12,The Royal London Hospital - R1H12,0,378,0,NA,0,0,0,0,0,0
2,Q71,R1H,BARTS HEALTH NHS TRUST,R1HKH,Whipps Cross University Hospital - R1HKH,0,277,0,NA,0,0,0,0,0,0
2,Q71,RQM,CHELSEA AND WESTMINSTER HOSPITAL NHS FOUNDATION TRUST,RQM01,Chelsea and Westminster Hospital - RQM01,67,416,0.161057692,79,56,8,1,1,1,0
2,Q71,RJ6,CROYDON HEALTH SERVICES NHS TRUST,RJ611,Mayday University Hospital - RJ611,113,335,0.337313433,81,93,18,1,1,0,0
2,Q71,RC3,EALING HOSPITAL NHS TRUST,RC368,Ealing Hospital - RC368,15,235,0.063829787,86,12,2,0,0,0,1
2,Q71,RVR,EPSOM AND ST HELIER UNIVERSITY HOSPITALS NHS TRUST,RVR50,Epsom Hospital - RVR50,59,156,0.378205128,91,*,*,*,*,*,*
2,Q71,RVR,EPSOM AND ST HELIER UNIVERSITY HOSPITALS NHS TRUST,RVRXXX,Non-hospital site - RVRXXX,2,6,0.333333333,100,*,*,*,*,*,*
2,Q71,RVR,EPSOM AND ST HELIER UNIVERSITY HOSPITALS NHS TRUST,RVR05,St Helier Hospital - RVR05,74,265,0.279245283,85,62,11,0,0,0,1
2,Q71,RJ1,GUY'S AND ST THOMAS' NHS FOUNDATION TRUST,RJ1XXX,Non-hospital site - RJ1XXX,1,7,0.142857143,100,*,*,*,*,*,*
2,Q71,RJ1,GUY'S AND ST THOMAS' NHS FOUNDATION TRUST,RJ122,St Thomas' Hospital - RJ122,118,500,0.236,63,*,*,*,*,*,*
2,Q71,RQX,HOMERTON UNIVERSITY HOSPITAL NHS FOUNDATION TRUST,RQXM1,Homerton University Hospital - RQXM1,13,495,0.026262626,92,12,1,0,0,0,0
2,Q71,RYJ,IMPERIAL COLLEGE HEALTHCARE NHS TRUST,RYJ04,Queen Charlotte's Hospital - RYJ04,61,387,0.157622739,85,54,5,2,0,0,0
2,Q71,RYJ,IMPERIAL COLLEGE HEALTHCARE NHS TRUST,RYJ01,St Mary's Hospital (HQ) - RYJ01,25,236,0.105932203,100,25,0,0,0,0,0
2,Q71,RJZ,KING'S COLLEGE HOSPITAL NHS FOUNDATION TRUST,RJZ01,King's College Hospital (Denmark Hill) - RJZ01,134,406,0.330049261,47,74,48,6,4,1,1
2,Q71,RJZ,KING'S COLLEGE HOSPITAL NHS FOUNDATION TRUST,RJZ30,Princess Royal University Hospital - RJZ30,77,472,0.163135593,62,51,21,1,3,0,1
2,Q71,RAX,KINGSTON HOSPITAL NHS FOUNDATION TRUST,RAX01,Kingston Hospital - RAX01,164,487,0.336755647,71,117,46,1,0,0,0
2,Q71,RJ2,LEWISHAM AND GREENWICH NHS TRUST,RJ2XXX,Non-hospital site - RJ2XXX,4,14,0.285714286,25,*,*,*,*,*,*
2,Q71,RJ2,LEWISHAM AND GREENWICH NHS TRUST,RJ231,Queen Elizabeth Hospital - RJ231,60,320,0.1875,57,*,*,*,*,*,*
2,Q71,RJ2,LEWISHAM AND GREENWICH NHS TRUST,RJ224,University Hospital Lewisham - RJ224,60,289,0.207612457,80,52,4,2,0,2,0
2,Q71,RAP,NORTH MIDDLESEX UNIVERSITY HOSPITAL NHS TRUST,RAPNM,North Middlesex Hospital - RAPNM,175,444,0.394144144,67,125,42,2,4,2,0
2,Q71,RV8,NORTH WEST LONDON HOSPITALS NHS TRUST,RV8XXX,Non-hospital site - RV8XXX,0,3,0,NA,0,0,0,0,0,0
2,Q71,RV8,NORTH WEST LONDON HOSPITALS NHS TRUST,RV820,Northwick Park Hospital - RV820,105,390,0.269230769,55,62,31,3,1,3,5
2,Q71,RAL,ROYAL FREE LONDON NHS FOUNDATION TRUST,RAL01,Royal Free Hospital - RAL01,77,259,0.297297297,66,55,18,2,1,1,0
2,Q71,RJ7,ST GEORGE'S HEALTHCARE NHS TRUST,RJ7XXX,Non-hospital site - RJ7XXX,1,32,0.03125,100,*,*,*,*,*,*
2,Q71,RJ7,ST GEORGE'S HEALTHCARE NHS TRUST,RJ701,St George's Hospital (Tooting) - RJ701,4,417,0.009592326,50,*,*,*,*,*,*
2,Q71,RAS,THE HILLINGDON HOSPITALS NHS FOUNDATION TRUST,RAS01,Hillingdon Hospital - RAS01,67,335,0.2,72,50,12,1,1,1,2
2,Q71,RAS,THE HILLINGDON HOSPITALS NHS FOUNDATION TRUST,RASXXX,Non-hospital site - RASXXX,6,2,3,100,6,0,0,0,0,0
2,Q71,RKE,THE WHITTINGTON HOSPITAL NHS TRUST,RKEXXX,Non-hospital site - RKEXXX,1,8,0.125,0,*,*,*,*,*,*
2,Q71,RKE,THE WHITTINGTON HOSPITAL NHS TRUST,RKEQ4,The Whittington Hospital - RKEQ4,152,314,0.484076433,72,*,*,*,*,*,*
2,Q71,RRV,UNIVERSITY COLLEGE LONDON HOSPITALS NHS FOUNDATION TRUST,RRV11,University College Hospital Elizabeth Garrett Anderson Wing - RRV11,123,529,0.232514178,50,75,35,4,5,4,0
2,Q71,RFW,WEST MIDDLESEX UNIVERSITY HOSPITAL NHS TRUST,RFW01,West Middlesex University Hospital - RFW01,18,396,0.045454545,89,16,2,0,0,0,0
3,Q44,RJR,COUNTESS OF CHESTER HOSPITAL NHS FOUNDATION TRUST,RJR05,Countess Of Chester Hospital - RJR05,62,235,,82,42,7,1,0,0,12
3,Q44,RJN,EAST CHESHIRE NHS TRUST,RJN71,Macclesfield District General Hospital - RJN71,82,142,,87,62,9,0,0,0,11
3,Q44,RBT,MID CHESHIRE HOSPITALS NHS FOUNDATION TRUST,RBT20,Leighton Hospital - RBT20,47,249,,62,35,6,3,2,1,0
3,Q44,RWW,WARRINGTON AND HALTON HOSPITALS NHS FOUNDATION TRUST,RWWWH,Warrington Hospital - RWWWH,87,169,,59,54,22,5,0,1,5
3,Q44,RBL,WIRRAL UNIVERSITY TEACHING HOSPITAL NHS FOUNDATION TRUST,RBL14,Arrowe Park Hospital - RBL14,78,272,,92,74,2,1,1,0,0
3,Q45,RXP,COUNTY DURHAM AND DARLINGTON NHS FOUNDATION TRUST,RXPBA,Bishop Auckland Hospital - RXPBA,0,0,,NA,0,0,0,0,0,0
3,Q45,RXP,COUNTY DURHAM AND DARLINGTON NHS FOUNDATION TRUST,RXPDA,Darlington Memorial Hospital - RXPDA,80,173,,71,49,15,1,1,0,14
3,Q45,RXP,COUNTY DURHAM AND DARLINGTON NHS FOUNDATION TRUST,RXPCP,University Hospital Of North Durham - RXPCP,93,282,,79,62,14,1,0,0,16
3,Q45,RVW,NORTH TEES AND HARTLEPOOL NHS FOUNDATION TRUST,RVWAA,University Hospital Of Hartlepool - RVWAA,7,15,,86,6,1,0,0,0,0
3,Q45,RVW,NORTH TEES AND HARTLEPOOL NHS FOUNDATION TRUST,RVWAE,University Hospital Of North Tees - RVWAE,69,220,,70,50,17,2,0,0,0
3,Q45,RTR,SOUTH TEES HOSPITALS NHS FOUNDATION TRUST,RTR45,Friarage Hospital Site - RTR45,12,88,,92,11,1,0,0,0,0
3,Q45,RTR,SOUTH TEES HOSPITALS NHS FOUNDATION TRUST,RTRAT,The James Cook University Hospital - RTRAT,36,274,,79,24,4,1,0,0,7
3,Q46,RMC,BOLTON NHS FOUNDATION TRUST,RMC01,Royal Bolton Hospital - RMC01,64,446,,81,53,10,1,0,0,0
3,Q46,RY2,BRIDGEWATER COMMUNITY HEALTHCARE NHS TRUST,RY28P,Health Care Resource Centre - RY28P,0,0,,NA,0,0,0,0,0,0
3,Q46,RY2,BRIDGEWATER COMMUNITY HEALTHCARE NHS TRUST,RY2XXX,Non-hospital site - RY2XXX,0,0,,NA,0,0,0,0,0,0
3,Q46,RW3,CENTRAL MANCHESTER UNIVERSITY HOSPITALS NHS FOUNDATION TRUST,RW3SM,St Mary's Hospital - RW3SM,65,563,,74,49,15,1,0,0,0
3,Q46,RW6,PENNINE ACUTE HOSPITALS NHS TRUST,RW602,North Manchester General Hospital - RW602,80,382,,39,43,24,6,6,0,1
3,Q46,RW6,PENNINE ACUTE HOSPITALS NHS TRUST,RW603,Royal Oldham Hospital - RW603,57,431,,55,35,17,3,1,0,1
3,Q46,RWJ,STOCKPORT NHS FOUNDATION TRUST,RWJ09,Stepping Hill Hospital - RWJ09,117,284,,66,80,32,2,2,0,1
3,Q46,RMP,TAMESIDE HOSPITAL NHS FOUNDATION TRUST,RMP01,Tameside General Hospital - RMP01,55,179,,84,47,7,1,0,0,0
3,Q46,RM2,UNIVERSITY HOSPITAL OF SOUTH MANCHESTER NHS FOUNDATION TRUST,RM202,Wythenshawe Hospital - RM202,104,308,,80,72,16,0,0,1,15
3,Q46,RRF,"WRIGHTINGTON, WIGAN AND LEIGH NHS FOUNDATION TRUST",RRF02,Royal Albert Edward Infirmary - RRF02,51,209,,86,44,5,1,0,0,1
3,Q47,RXL,BLACKPOOL TEACHING HOSPITALS NHS FOUNDATION TRUST,RXL01,Blackpool Victoria Hospital - RXL01,78,214,,54,*,*,*,*,*,*
3,Q47,RXL,BLACKPOOL TEACHING HOSPITALS NHS FOUNDATION TRUST,RXLXXX,Non-hospital site - RXLXXX,1,0,,100,*,*,*,*,*,*
3,Q47,RXR,EAST LANCASHIRE HOSPITALS NHS TRUST,RXR20,Royal Blackburn Hospital - RXR20,43,392,,91,39,4,0,0,0,0
3,Q47,RXN,LANCASHIRE TEACHING HOSPITALS NHS FOUNDATION TRUST,RXN01,Chorley and South Ribble Hospital - RXN01,6,20,,100,6,0,0,0,0,0
3,Q47,RXN,LANCASHIRE TEACHING HOSPITALS NHS FOUNDATION TRUST,RXN02,Royal Preston Hospital - RXN02,38,317,,58,25,10,2,1,0,0
3,Q48,REP,LIVERPOOL WOMEN'S NHS FOUNDATION TRUST,REP01,Liverpool Womens Hospital - REP01,87,551,,68,63,20,0,0,4,0
3,Q48,RVY,SOUTHPORT AND ORMSKIRK HOSPITAL NHS TRUST,RVY02,Ormskirk and District General Hospital - RVY02,48,249,,66,36,6,2,1,2,1
3,Q48,RBN,ST HELENS AND KNOWSLEY HOSPITALS NHS TRUST,RBN01,Whiston Hospital - RBN01,65,306,,83,55,9,1,0,0,0
3,Q49,RLN,CITY HOSPITALS SUNDERLAND NHS FOUNDATION TRUST,RLNGL,Sunderland Royal Hospital - RLNGL,128,257,,84,107,18,1,0,0,2
3,Q49,RR7,GATESHEAD HEALTH NHS FOUNDATION TRUST,RR7EN,Queen Elizabeth Hospital - RR7EN,46,133,,87,41,4,1,0,0,0
3,Q49,RNL,NORTH CUMBRIA UNIVERSITY HOSPITALS NHS TRUST,RNLAY,Cumberland Infirmary - RNLAY,56,172,,66,39,15,1,0,1,0
3,Q49,RNL,NORTH CUMBRIA UNIVERSITY HOSPITALS NHS TRUST,RNLBX,West Cumberland Hospital - RNLBX,78,100,,74,60,16,2,0,0,0
3,Q49,RTF,NORTHUMBRIA HEALTHCARE NHS FOUNDATION TRUST,RTFDJ,Alnwick Infirmary - RTFDJ,1,9,,100,*,*,*,*,*,*
3,Q49,RTF,NORTHUMBRIA HEALTHCARE NHS FOUNDATION TRUST,RTFDR,Hexham General Hospital - RTFDR,6,28,,100,*,*,*,*,*,*
3,Q49,RTF,NORTHUMBRIA HEALTHCARE NHS FOUNDATION TRUST,RTFFS,North Tyneside General Hospital - RTFFS,0,39,,NA,0,0,0,0,0,0
3,Q49,RTF,NORTHUMBRIA HEALTHCARE NHS FOUNDATION TRUST,RTFED,Wansbeck Hospital - RTFED,53,162,,42,25,25,1,1,1,0
3,Q49,RE9,SOUTH TYNESIDE NHS FOUNDATION TRUST,RE9GA,South Tyneside District Hospital - RE9GA,44,78,,88,37,5,0,0,0,2
3,Q49,RTD,THE NEWCASTLE UPON TYNE HOSPITALS NHS FOUNDATION TRUST,RTD02,The Royal Victoria Infirmary - RTD02,186,620,,74,143,38,5,0,0,0
3,Q49,RTX,UNIVERSITY HOSPITALS OF MORECAMBE BAY NHS FOUNDATION TRUST,RTXBU,Furness General Hospital - RTXBU,40,100,,87,35,1,0,0,2,2
3,Q49,RTX,UNIVERSITY HOSPITALS OF MORECAMBE BAY NHS FOUNDATION TRUST,RTX02,Royal Lancaster Infirmary - RTX02,2,208,,50,*,*,*,*,*,*
3,Q49,RTX,UNIVERSITY HOSPITALS OF MORECAMBE BAY NHS FOUNDATION TRUST,RTXBW,Westmorland General Hospital - RTXBW,3,28,,100,*,*,*,*,*,*
3,Q50,RCD,HARROGATE AND DISTRICT NHS FOUNDATION TRUST,RCD01,Harrogate District Hospital - RCD01,24,163,,96,23,1,0,0,0,0
3,Q50,RWA,HULL AND EAST YORKSHIRE HOSPITALS NHS TRUST,RWA01,Hull Royal Infirmary - RWA01,105,465,,77,81,15,1,0,3,5
3,Q50,RJL,NORTHERN LINCOLNSHIRE AND GOOLE NHS FOUNDATION TRUST,RJL30,"Diana, Princess Of Wales Hospital - RJL30",0,179,,NA,0,0,0,0,0,0
3,Q50,RJL,NORTHERN LINCOLNSHIRE AND GOOLE NHS FOUNDATION TRUST,RJL31,Goole and District Hospital (Acute) - RJL31,0,22,,NA,0,0,0,0,0,0
3,Q50,RJL,NORTHERN LINCOLNSHIRE AND GOOLE NHS FOUNDATION TRUST,RJL32,Scunthorpe General Hospital - RJL32,77,152,,65,51,25,1,0,0,0
3,Q50,RCB,YORK TEACHING HOSPITAL NHS FOUNDATION TRUST,RCBCA,Scarborough General Hospital - RCBCA,34,100,,94,32,2,0,0,0,0
3,Q50,RCB,YORK TEACHING HOSPITAL NHS FOUNDATION TRUST,RCB55,York Hospital - RCB55,88,211,,67,64,19,4,0,1,0
3,Q51,RFF,BARNSLEY HOSPITAL NHS FOUNDATION TRUST,RFFAA,Barnsley Hospital NHS Foundation Trust HQ - RFFAA,97,201,,72,76,13,6,0,1,1
3,Q51,RP5,DONCASTER AND BASSETLAW HOSPITALS NHS FOUNDATION TRUST,RP5BA,Bassetlaw Hospital - RP5BA,31,137,,87,26,4,0,0,0,1
3,Q51,RP5,DONCASTER AND BASSETLAW HOSPITALS NHS FOUNDATION TRUST,RP5DR,Doncaster Royal Infirmary - RP5DR,115,298,,54,67,38,4,2,1,3
3,Q51,RHQ,SHEFFIELD TEACHING HOSPITALS NHS FOUNDATION TRUST,RHQHH,Royal Hallamshire Hospital - RHQHH,58,451,,38,34,12,7,3,2,0
3,Q51,RFR,THE ROTHERHAM NHS FOUNDATION TRUST,RFRPA,Rotherham District General Hospital - RFRPA,82,206,,59,51,28,0,1,2,0
3,Q52,RCF,AIREDALE NHS FOUNDATION TRUST,RCF22,Airedale General Hospital - RCF22,72,163,,69,50,22,0,0,0,0
3,Q52,RAE,BRADFORD TEACHING HOSPITALS NHS FOUNDATION TRUST,RAE01,Bradford Royal Infirmary - RAE01,65,510,,52,37,25,2,0,1,0
3,Q52,RWY,CALDERDALE AND HUDDERSFIELD NHS FOUNDATION TRUST,RWY02,Calderdale Royal Hospital - RWY02,66,368,,64,48,9,3,2,2,2
3,Q52,RWY,CALDERDALE AND HUDDERSFIELD NHS FOUNDATION TRUST,RWY01,Huddersfield Royal Infirmary - RWY01,15,50,,73,13,0,1,1,0,0
3,Q52,RR8,LEEDS TEACHING HOSPITALS NHS TRUST,RR801,Leeds General Infirmary - RR801,34,365,,82,23,5,0,0,0,6
3,Q52,RR8,LEEDS TEACHING HOSPITALS NHS TRUST,RR813,St James's University Hospital - RR813,34,334,,88,30,4,0,0,0,0
3,Q52,RXF,MID YORKSHIRE HOSPITALS NHS TRUST,RXF10,Dewsbury and District Hospital - RXF10,79,172,,62,53,22,4,0,0,0
3,Q52,RXF,MID YORKSHIRE HOSPITALS NHS TRUST,RXF05,Pinderfields General Hospital - RXF05,41,278,,78,32,9,0,0,0,0
3,Q53,RLT,GEORGE ELIOT HOSPITAL NHS TRUST,RLT01,George Eliot Hospital - Acute Services - RLT01,63,164,,87,56,6,0,1,0,0
3,Q53,RJC,SOUTH WARWICKSHIRE NHS FOUNDATION TRUST,RJCXXX,Non-hospital site - RJCXXX,0,0,,NA,0,0,0,0,0,0
3,Q53,RJC,SOUTH WARWICKSHIRE NHS FOUNDATION TRUST,RJC02,Warwick Hospital - RJC02,76,201,,78,58,14,1,0,0,3
3,Q53,RKB,UNIVERSITY HOSPITALS COVENTRY AND WARWICKSHIRE NHS TRUST,RKB03,Hospital Of St Cross - RKB03,0,0,,NA,0,0,0,0,0,0
3,Q53,RKB,UNIVERSITY HOSPITALS COVENTRY AND WARWICKSHIRE NHS TRUST,RKBXXX,Non-hospital site - RKBXXX,0,0,,NA,0,0,0,0,0,0
3,Q53,RKB,UNIVERSITY HOSPITALS COVENTRY AND WARWICKSHIRE NHS TRUST,RKB01,University Hospital (Coventry) - RKB01,130,491,,63,86,37,4,1,0,2
3,Q53,RWP,WORCESTERSHIRE ACUTE HOSPITALS NHS TRUST,RWP01,Alexandra Hospital - RWP01,30,158,,87,26,4,0,0,0,0
3,Q53,RWP,WORCESTERSHIRE ACUTE HOSPITALS NHS TRUST,RWP31,Kidderminster Hospital - RWP31,0,1,,NA,0,0,0,0,0,0
3,Q53,RWP,WORCESTERSHIRE ACUTE HOSPITALS NHS TRUST,RWP50,Worcestershire Royal Hospital - RWP50,89,308,,84,77,10,1,1,0,0
3,Q53,RLQ,WYE VALLEY NHS TRUST,RLQ01,Hereford County Hospital - RLQ01,79,153,,66,50,21,1,1,0,6
3,Q54,RLU,BIRMINGHAM WOMEN'S NHS FOUNDATION TRUST,RLU01,Birmingham Women's Hospital - RLU01,24,618,,30,10,10,1,1,1,1
3,Q54,RR1,HEART OF ENGLAND NHS FOUNDATION TRUST,RR105,Good Hope Hospital - RR105,70,230,,42,41,13,2,7,4,3
3,Q54,RR1,HEART OF ENGLAND NHS FOUNDATION TRUST,RR101,Heartlands Hospital - RR101,81,415,,35,44,19,3,6,7,2
3,Q54,RR1,HEART OF ENGLAND NHS FOUNDATION TRUST,RR109,Solihull Hospital - RR109,0,0,,NA,0,0,0,0,0,0
3,Q54,RXK,SANDWELL AND WEST BIRMINGHAM HOSPITALS NHS TRUST,RXK02,City Hospital - RXK02,182,405,,62,115,59,2,1,1,4
3,Q54,RNA,THE DUDLEY GROUP NHS FOUNDATION TRUST,RNA01,Russells Hall Hospital - RNA01,116,376,,85,99,15,1,0,0,1
3,Q54,RL4,THE ROYAL WOLVERHAMPTON NHS TRUST,RL403,New Cross Hospital - RL403,42,374,,95,38,2,0,0,0,2
3,Q54,RBK,WALSALL HEALTHCARE NHS TRUST,RBK02,Manor Hospital - RBK02,113,491,,74,77,25,1,0,0,10
3,Q55,RFS,CHESTERFIELD ROYAL HOSPITAL NHS FOUNDATION TRUST,RFSDA,Chesterfield Royal Hospital - RFSDA,44,195,,72,31,12,0,0,0,1
3,Q55,RTG,DERBY HOSPITALS NHS FOUNDATION TRUST,RTGFG,Royal Derby Hospital - RTGFG,165,397,,62,103,59,1,1,0,1
3,Q55,RX1,NOTTINGHAM UNIVERSITY HOSPITALS NHS TRUST,RX1CC,Nottingham University Hospitals NHS Trust - City Campus - RX1CC,58,322,,81,47,9,0,0,1,1
3,Q55,RX1,NOTTINGHAM UNIVERSITY HOSPITALS NHS TRUST,RX1RA,Nottingham University Hospitals NHS Trust - Queen's Medical Centre Campus - RX1RA,180,281,,66,121,50,2,2,1,4
3,Q55,RK5,SHERWOOD FOREST HOSPITALS NHS FOUNDATION TRUST,RK5BC,King's Mill Hospital - RK5BC,59,238,,66,42,9,1,2,2,3
3,Q56,RGT,CAMBRIDGE UNIVERSITY HOSPITALS NHS FOUNDATION TRUST,RGT32,Rosie Hospital - RGT32,69,282,,49,39,25,5,0,0,0
3,Q56,RQQ,HINCHINGBROOKE HEALTH CARE NHS TRUST,RQQ31,Hinchingbrooke Hospital - RQQ31,66,196,,80,53,13,0,0,0,0
3,Q56,RGQ,IPSWICH HOSPITAL NHS TRUST,RGQ02,The Ipswich Hospital NHS Trust - RGQ02,80,314,,73,58,22,0,0,0,0
3,Q56,RGP,JAMES PAGET UNIVERSITY HOSPITALS NHS FOUNDATION TRUST,RGP75,James Paget University Hospital - RGP75,19,187,,79,15,4,0,0,0,0
3,Q56,RM1,NORFOLK AND NORWICH UNIVERSITY HOSPITALS NHS FOUNDATION TRUST,RM102,Norfolk and Norwich University Hospital - RM102,83,474,,88,75,6,1,1,0,0
3,Q56,RGN,PETERBOROUGH AND STAMFORD HOSPITALS NHS FOUNDATION TRUST,RGN80,Peterborough City Hospital - RGN80,79,419,,74,53,12,2,0,1,11
3,Q56,RCX,"THE QUEEN ELIZABETH HOSPITAL, KING'S LYNN, NHS FOUNDATION TRUST",RCX70,The Queen Elizabeth Hospital - RCX70,36,173,,65,22,12,0,0,0,2
3,Q56,RGR,WEST SUFFOLK NHS FOUNDATION TRUST,RGR50,West Suffolk Hospital - RGR50,79,174,,71,61,13,3,2,0,0
3,Q57,RDD,BASILDON AND THURROCK UNIVERSITY HOSPITALS NHS FOUNDATION TRUST,RDDH0,Basildon University Hospital - RDDH0,144,329,,58,88,52,2,2,0,0
3,Q57,RDE,COLCHESTER HOSPITAL UNIVERSITY NHS FOUNDATION TRUST,RDEE4,Colchester General Hospital - RDEE4,78,279,,81,65,11,1,0,1,0
3,Q57,RQ8,MID ESSEX HOSPITAL SERVICES NHS TRUST,RQ8L0,Broomfield Hospital - RQ8L0,116,379,,82,96,19,1,0,0,0
3,Q57,RAJ,SOUTHEND UNIVERSITY HOSPITAL NHS FOUNDATION TRUST,RAJ01,Southend Hospital - RAJ01,49,275,,71,41,2,0,3,3,0
3,Q57,RQW,THE PRINCESS ALEXANDRA HOSPITAL NHS TRUST,RQWG0,Princess Alexandra Hospital - RQWG0,190,373,,87,169,16,3,1,0,1
3,Q58,RC1,BEDFORD HOSPITAL NHS TRUST,RC110,Bedford Hospital South Wing - RC110,70,172,,80,58,8,3,0,0,1
3,Q58,RWH,EAST AND NORTH HERTFORDSHIRE NHS TRUST,RWH01,Lister Hospital - RWH01,285,465,,44,147,95,26,2,0,15
3,Q58,RNQ,KETTERING GENERAL HOSPITAL NHS FOUNDATION TRUST,RNQ51,Kettering General Hospital - RNQ51,47,263,,60,31,13,2,1,0,0
3,Q58,RC9,LUTON AND DUNSTABLE UNIVERSITY HOSPITAL NHS FOUNDATION TRUST,RC971,Luton and Dunstable Hospital - RC971,131,460,,56,85,35,9,2,0,0
3,Q58,RD8,MILTON KEYNES HOSPITAL NHS FOUNDATION TRUST,RD816,Milton Keynes Hospital - RD816,18,261,,72,13,5,0,0,0,0
3,Q58,RNS,NORTHAMPTON GENERAL HOSPITAL NHS TRUST,RNS01,Northampton General Hospital (Acute) - RNS01,108,321,,70,79,22,4,1,0,2
3,Q58,RWG,WEST HERTFORDSHIRE HOSPITALS NHS TRUST,RWG02,Watford General Hospital - RWG02,60,456,,72,43,17,0,0,0,0
3,Q59,RWD,UNITED LINCOLNSHIRE HOSPITALS NHS TRUST,RWDLP,Grantham and District Hospital - RWDLP,1,3,,100,*,*,*,*,*,*
3,Q59,RWD,UNITED LINCOLNSHIRE HOSPITALS NHS TRUST,RWDDA,Lincoln County Hospital - RWDDA,39,262,,69,29,8,2,0,0,0
3,Q59,RWD,UNITED LINCOLNSHIRE HOSPITALS NHS TRUST,RWDLA,Pilgrim Hospital - RWDLA,25,178,,64,*,*,*,*,*,*
3,Q59,RWE,UNIVERSITY HOSPITALS OF LEICESTER NHS TRUST,RWEAK,Leicester General Hospital - RWEAK,125,277,,48,63,51,3,3,0,5
3,Q59,RWE,UNIVERSITY HOSPITALS OF LEICESTER NHS TRUST,RWEAA,Leicester Royal Infirmary - RWEAA,284,382,,54,167,104,8,3,2,0
3,Q59,RWE,UNIVERSITY HOSPITALS OF LEICESTER NHS TRUST,RWE10,St Mary's Hospital - RWE10,34,83,,91,31,3,0,0,0,0
3,Q60,RJF,BURTON HOSPITALS NHS FOUNDATION TRUST,RJF02,"Queen's Hospital, Burton Upon Trent - RJF02",126,257,,89,113,10,1,1,0,1
3,Q60,RJD,MID STAFFORDSHIRE NHS FOUNDATION TRUST,RJD01,Stafford Hospital - RJD01,66,127,,70,46,20,0,0,0,0
3,Q60,RXW,SHREWSBURY AND TELFORD HOSPITAL NHS TRUST,RXWMB,Bridgnorth Hospital (Maternity) - RXWMB,12,17,,100,9,0,0,0,0,3
3,Q60,RXW,SHREWSBURY AND TELFORD HOSPITAL NHS TRUST,RXWML,Ludlow Hospital (Maternity) - RXWML,21,20,,100,12,0,0,0,0,9
3,Q60,RXW,SHREWSBURY AND TELFORD HOSPITAL NHS TRUST,RXWMJ,Robert Jones & Agnes Hunt Orthopaedic & District Hospital - RXWMJ,13,17,,100,9,0,0,0,0,4
3,Q60,RXW,SHREWSBURY AND TELFORD HOSPITAL NHS TRUST,RXWAS,Royal Shrewsbury Hospital - RXWAS,81,353,,71,32,13,0,0,0,36
3,Q60,RXW,SHREWSBURY AND TELFORD HOSPITAL NHS TRUST,RXWAT,The Princess Royal Hospital - RXWAT,12,58,,100,11,0,0,0,0,1
3,Q60,RJE,UNIVERSITY HOSPITAL OF NORTH STAFFORDSHIRE NHS TRUST,RJE03,North Staffs Maternity Hospital - RJE03,13,494,,46,7,5,1,0,0,0
3,Q64,RTE,GLOUCESTERSHIRE HOSPITALS NHS FOUNDATION TRUST,RTE03,Gloucestershire Royal Hospital - RTE03,4,394,,50,*,*,*,*,*,*
3,Q64,RTE,GLOUCESTERSHIRE HOSPITALS NHS FOUNDATION TRUST,RTE27,Stroud Maternity Hospital - RTE27,3,21,,100,*,*,*,*,*,*
3,Q64,RN3,GREAT WESTERN HOSPITALS NHS FOUNDATION TRUST,RN333,Chippenham Community Hospital - RN333,12,19,,83,10,2,0,0,0,0
3,Q64,RN3,GREAT WESTERN HOSPITALS NHS FOUNDATION TRUST,RN3C2,Frome Community Hospital - RN3C2,1,16,,100,*,*,*,*,*,*
3,Q64,RN3,GREAT WESTERN HOSPITALS NHS FOUNDATION TRUST,RN3C3,Paulton Memorial Hospital - RN3C3,1,12,,100,*,*,*,*,*,*
3,Q64,RN3,GREAT WESTERN HOSPITALS NHS FOUNDATION TRUST,RN3C1,Princess Anne Wing RUH - RN3C1,14,259,,46,8,3,0,1,1,1
3,Q64,RN3,GREAT WESTERN HOSPITALS NHS FOUNDATION TRUST,RN325,The Great Western Hospital - RN325,76,328,,84,64,10,1,0,0,1
3,Q64,RN3,GREAT WESTERN HOSPITALS NHS FOUNDATION TRUST,RN334,Trowbridge Community Hospital - RN334,0,24,,NA,0,0,0,0,0,0
3,Q64,RNZ,SALISBURY NHS FOUNDATION TRUST,RNZ02,Salisbury District Hospital - RNZ02,47,119,,87,42,4,0,1,0,0
3,Q65,RVJ,NORTH BRISTOL NHS TRUST,RVJ01,Southmead Hospital - RVJ01,84,443,,59,56,20,7,0,0,1
3,Q65,RBA,TAUNTON AND SOMERSET NHS FOUNDATION TRUST,RBA11,Musgrove Park Hospital - RBA11,82,174,,70,60,19,2,1,0,0
3,Q65,RBA,TAUNTON AND SOMERSET NHS FOUNDATION TRUST,RBAXXX,Non-hospital site - RBAXXX,8,4,,100,8,0,0,0,0,0
3,Q65,RA7,UNIVERSITY HOSPITALS BRISTOL NHS FOUNDATION TRUST,RA707,St Michael's Hospital - RA707,31,409,,65,16,6,0,1,0,8
3,Q65,RA3,WESTON AREA HEALTH NHS TRUST,RA301,Weston General Hospital - RA301,21,58,,81,18,2,1,0,0,0
3,Q65,RA4,YEOVIL DISTRICT HOSPITAL NHS FOUNDATION TRUST,RA430,Yeovil District Hospital - RA430,82,129,,57,50,29,3,0,0,0
3,Q66,RBZ,NORTHERN DEVON HEALTHCARE NHS TRUST,RBZ12,North Devon District Hospital - RBZ12,10,99,,80,8,2,0,0,0,0
3,Q66,RK9,PLYMOUTH HOSPITALS NHS TRUST,RK950,Derriford Hospital - RK950,140,304,,65,98,33,7,1,0,1
3,Q66,REF,ROYAL CORNWALL HOSPITALS NHS TRUST,REF12,Royal Cornwall Hospital (Treliske) - REF12,69,236,,58,44,18,3,1,1,2
3,Q66,RH8,ROYAL DEVON AND EXETER NHS FOUNDATION TRUST,RH801,Royal Devon and Exeter Hospital (Wonford) - RH801,87,224,,71,*,*,*,*,*,*
3,Q66,RH8,ROYAL DEVON AND EXETER NHS FOUNDATION TRUST,RH853,Tiverton and District Hospital - RH853,3,6,,100,*,*,*,*,*,*
3,Q66,RA9,SOUTH DEVON HEALTHCARE NHS FOUNDATION TRUST,RA901,Torbay Hospital - RA901,17,122,,59,10,7,0,0,0,0
3,Q67,RN7,DARTFORD AND GRAVESHAM NHS TRUST,RN707,Darent Valley Hospital - RN707,161,353,,84,138,20,3,0,0,0
3,Q67,RVV,EAST KENT HOSPITALS UNIVERSITY NHS FOUNDATION TRUST,RVV09,Queen Elizabeth The Queen Mother Hospital - RVV09,79,258,,72,55,19,1,0,0,4
3,Q67,RVV,EAST KENT HOSPITALS UNIVERSITY NHS FOUNDATION TRUST,RVV01,William Harvey Hospital (Ashford) - RVV01,116,323,,76,90,19,2,1,1,3
3,Q67,RWF,MAIDSTONE AND TUNBRIDGE WELLS NHS TRUST,RWF03,Maidstone District General Hospital - RWF03,17,43,,100,12,0,0,0,0,5
3,Q67,RWF,MAIDSTONE AND TUNBRIDGE WELLS NHS TRUST,RWFTW,The Tunbridge Wells Hospital - RWFTW,70,416,,87,59,7,0,1,0,3
3,Q67,RPA,MEDWAY NHS FOUNDATION TRUST,RPA02,Medway Maritime Hospital - RPA02,126,395,,74,92,33,0,0,0,1
3,Q68,RTK,ASHFORD AND ST PETER'S HOSPITALS NHS FOUNDATION TRUST,RTK01,St Peter's Hospital - RTK01,43,285,,81,34,8,0,0,0,1
3,Q68,RXH,BRIGHTON AND SUSSEX UNIVERSITY HOSPITALS NHS TRUST,RXH09,Princess Royal Hospital - RXH09,42,194,,93,39,3,0,0,0,0
3,Q68,RXH,BRIGHTON AND SUSSEX UNIVERSITY HOSPITALS NHS TRUST,RXH01,Royal Sussex County Hospital - RXH01,135,260,,70,100,30,2,3,0,0
3,Q68,RXC,EAST SUSSEX HEALTHCARE NHS TRUST,RXC01,Conquest Hospital - RXC01,80,242,,44,42,30,4,2,1,1
3,Q68,RXC,EAST SUSSEX HEALTHCARE NHS TRUST,RXC14,Crowborough Birthing Centre - RXC14,7,10,,100,*,*,*,*,*,*
3,Q68,RXC,EAST SUSSEX HEALTHCARE NHS TRUST,RXC02,Eastbourne District General Hospital - RXC02,32,32,,81,27,4,0,1,0,0
3,Q68,RXC,EAST SUSSEX HEALTHCARE NHS TRUST,RXCXXX,Non-hospital site - RXCXXX,4,14,,50,*,*,*,*,*,*
3,Q68,RDU,FRIMLEY PARK HOSPITAL NHS FOUNDATION TRUST,RDU01,Frimley Park Hospital - RDU01,201,315,,71,127,20,3,4,6,41
3,Q68,RA2,ROYAL SURREY COUNTY HOSPITAL NHS FOUNDATION TRUST,RA201,Royal Surrey County Hospital - RA201,71,212,,63,51,14,2,2,2,0
3,Q68,RTP,SURREY AND SUSSEX HEALTHCARE NHS TRUST,RTP04,East Surrey Hospital - RTP04,76,395,,43,39,31,3,2,1,0
3,Q68,RYR,WESTERN SUSSEX HOSPITALS NHS FOUNDATION TRUST,RYR16,St Richard's Hospital - RYR16,85,226,,91,78,6,1,0,0,0
3,Q68,RYR,WESTERN SUSSEX HOSPITALS NHS FOUNDATION TRUST,RYR18,Worthing Hospital - RYR18,75,212,,60,52,16,1,5,1,0
3,Q69,RXQ,BUCKINGHAMSHIRE HEALTHCARE NHS TRUST,RXQ02,Stoke Mandeville Hospital - RXQ02,118,433,,81,101,11,5,1,0,0
3,Q69,RXQ,BUCKINGHAMSHIRE HEALTHCARE NHS TRUST,RXQ50,Wycombe Hospital - RXQ50,19,19,,68,15,2,1,1,0,0
3,Q69,RD7,HEATHERWOOD AND WEXHAM PARK HOSPITALS NHS FOUNDATION TRUST,RD750,Wexham Park Hospital - RD750,88,402,,60,55,29,3,0,0,1
3,Q69,RTH,OXFORD UNIVERSITY HOSPITALS NHS TRUST,RTH19,Chipping Norton Community Hospital - RTH19,0,11,,NA,0,0,0,0,0,0
3,Q69,RTH,OXFORD UNIVERSITY HOSPITALS NHS TRUST,RTH05,Horton General Hospital - RTH05,0,101,,NA,0,0,0,0,0,0
3,Q69,RTH,OXFORD UNIVERSITY HOSPITALS NHS TRUST,RTH08,John Radcliffe Hospital - RTH08,51,502,,64,*,*,*,*,*,*
3,Q69,RTH,OXFORD UNIVERSITY HOSPITALS NHS TRUST,RTH16,Wallingford Community Hospital - RTH16,0,17,,NA,0,0,0,0,0,0
3,Q69,RTH,OXFORD UNIVERSITY HOSPITALS NHS TRUST,RTH21,Wantage Community Hospital - RTH21,1,5,,100,*,*,*,*,*,*
3,Q69,RHW,ROYAL BERKSHIRE NHS FOUNDATION TRUST,RHW01,Royal Berkshire Hospital - RHW01,149,488,,72,113,28,5,2,0,1
3,Q70,RBD,DORSET COUNTY HOSPITAL NHS FOUNDATION TRUST,RBD01,Dorset County Hospital - RBD01,33,149,,69,24,6,0,1,1,1
3,Q70,RN5,HAMPSHIRE HOSPITALS NHS FOUNDATION TRUST,RN506,Basingstoke and North Hampshire Hospital - RN506,74,229,,68,50,24,0,0,0,0
3,Q70,RN5,HAMPSHIRE HOSPITALS NHS FOUNDATION TRUST,RN541,Royal Hampshire County Hospital - RN541,34,200,,59,22,10,2,0,0,0
3,Q70,R1F,ISLE OF WIGHT NHS TRUST,R1F01,St Mary's Hospital - R1F01,22,146,,90,20,0,1,0,0,1
3,Q70,RD3,POOLE HOSPITAL NHS FOUNDATION TRUST,RD304,Poole General Hospital NHS Trust HQ - RD304,85,211,,79,69,12,2,1,0,1
3,Q70,RHU,PORTSMOUTH HOSPITALS NHS TRUST,RHU10,Gosport War Memorial Hospital - RHU10,4,1,,100,*,*,*,*,*,*
3,Q70,RHU,PORTSMOUTH HOSPITALS NHS TRUST,RHU04,Petersfield Community Hospital - RHU04,1,4,,100,*,*,*,*,*,*
3,Q70,RHU,PORTSMOUTH HOSPITALS NHS TRUST,RHU03,Queen Alexandra Hospital - RHU03,91,464,,62,38,13,2,1,1,36
3,Q70,RHU,PORTSMOUTH HOSPITALS NHS TRUST,RHU02,St Mary's Hospital - RHU02,2,10,,NA,*,*,*,*,*,*
3,Q70,RDZ,THE ROYAL BOURNEMOUTH AND CHRISTCHURCH HOSPITALS NHS FOUNDATION TRUST,RDZ20,Royal Bournemouth General Hospital - RDZ20,11,11,,82,10,0,1,0,0,0
3,Q70,RHM,UNIVERSITY HOSPITAL SOUTHAMPTON NHS FOUNDATION TRUST,RHM12,Princess Anne Hospital - RHM12,128,473,,62,88,30,5,0,4,1
3,Q71,RF4,"BARKING, HAVERING AND REDBRIDGE UNIVERSITY HOSPITALS NHS TRUST",RF4QH,Queen's Hospital - RF4QH,189,659,,43,90,88,10,0,0,1
3,Q71,RVL,BARNET AND CHASE FARM HOSPITALS NHS TRUST,RVL01,Barnet Hospital - RVL01,61,408,,61,40,18,3,0,0,0
3,Q71,R1H,BARTS HEALTH NHS TRUST,R1HNH,Newham General Hospital - R1HNH,50,141,,42,25,21,2,0,2,0
3,Q71,R1H,BARTS HEALTH NHS TRUST,R1H12,The Royal London Hospital - R1H12,20,223,,10,*,*,*,*,*,*
3,Q71,R1H,BARTS HEALTH NHS TRUST,R1HKH,Whipps Cross University Hospital - R1HKH,2,267,,50,*,*,*,*,*,*
3,Q71,RQM,CHELSEA AND WESTMINSTER HOSPITAL NHS FOUNDATION TRUST,RQM01,Chelsea and Westminster Hospital - RQM01,65,416,,65,49,9,5,1,1,0
3,Q71,RJ6,CROYDON HEALTH SERVICES NHS TRUST,RJ611,Mayday University Hospital - RJ611,122,259,,22,53,38,13,4,10,4
3,Q71,RC3,EALING HOSPITAL NHS TRUST,RC368,Ealing Hospital - RC368,13,234,,17,5,4,3,0,0,1
3,Q71,RVR,EPSOM AND ST HELIER UNIVERSITY HOSPITALS NHS TRUST,RVR50,Epsom Hospital - RVR50,49,156,,91,43,4,0,0,0,2
3,Q71,RVR,EPSOM AND ST HELIER UNIVERSITY HOSPITALS NHS TRUST,RVR05,St Helier Hospital - RVR05,34,265,,62,24,7,2,1,0,0
3,Q71,RJ1,GUY'S AND ST THOMAS' NHS FOUNDATION TRUST,RJ122,St Thomas' Hospital - RJ122,114,500,,35,53,44,10,2,2,3
3,Q71,RQX,HOMERTON UNIVERSITY HOSPITAL NHS FOUNDATION TRUST,RQXM1,Homerton University Hospital - RQXM1,20,411,,60,13,6,1,0,0,0
3,Q71,RYJ,IMPERIAL COLLEGE HEALTHCARE NHS TRUST,RYJ04,Queen Charlotte's Hospital - RYJ04,83,313,,50,45,33,3,1,0,1
3,Q71,RYJ,IMPERIAL COLLEGE HEALTHCARE NHS TRUST,RYJ01,St Mary's Hospital (HQ) - RYJ01,102,175,,56,64,31,3,4,0,0
3,Q71,RJZ,KING'S COLLEGE HOSPITAL NHS FOUNDATION TRUST,RJZ01,King's College Hospital (Denmark Hill) - RJZ01,119,449,,41,54,57,5,1,0,2
3,Q71,RJZ,KING'S COLLEGE HOSPITAL NHS FOUNDATION TRUST,RJZ30,Princess Royal University Hospital - RJZ30,58,409,,46,32,18,4,2,0,2
3,Q71,RAX,KINGSTON HOSPITAL NHS FOUNDATION TRUST,RAX01,Kingston Hospital - RAX01,164,487,,65,116,37,7,3,0,1
3,Q71,RJ2,LEWISHAM AND GREENWICH NHS TRUST,RJ231,Queen Elizabeth Hospital - RJ231,59,315,,36,29,21,4,1,3,1
3,Q71,RJ2,LEWISHAM AND GREENWICH NHS TRUST,RJ224,University Hospital Lewisham - RJ224,26,172,,58,17,7,1,0,1,0
3,Q71,RAP,NORTH MIDDLESEX UNIVERSITY HOSPITAL NHS TRUST,RAPNM,North Middlesex Hospital - RAPNM,173,444,,34,95,41,6,25,6,0
3,Q71,RV8,NORTH WEST LONDON HOSPITALS NHS TRUST,RV820,Northwick Park Hospital - RV820,105,308,,55,67,21,9,3,0,5
3,Q71,RAL,ROYAL FREE LONDON NHS FOUNDATION TRUST,RAL01,Royal Free Hospital - RAL01,77,259,,42,43,23,8,1,2,0
3,Q71,RJ7,ST GEORGE'S HEALTHCARE NHS TRUST,RJ701,St George's Hospital (Tooting) - RJ701,251,397,,10,39,199,10,2,1,0
3,Q71,RAS,THE HILLINGDON HOSPITALS NHS FOUNDATION TRUST,RAS01,Hillingdon Hospital - RAS01,67,337,,64,43,11,2,2,1,8
3,Q71,RKE,THE WHITTINGTON HOSPITAL NHS TRUST,RKEXXX,Non-hospital site - RKEXXX,0,0,,NA,0,0,0,0,0,0
3,Q71,RKE,THE WHITTINGTON HOSPITAL NHS TRUST,RKEQ4,The Whittington Hospital - RKEQ4,127,314,,42,67,34,4,7,6,9
3,Q71,RRV,UNIVERSITY COLLEGE LONDON HOSPITALS NHS FOUNDATION TRUST,RRV11,University College Hospital Elizabeth Garrett Anderson Wing - RRV11,173,529,,50,94,68,3,5,1,2
3,Q71,RFW,WEST MIDDLESEX UNIVERSITY HOSPITAL NHS TRUST,RFW01,West Middlesex University Hospital - RFW01,54,342,,58,32,20,0,1,0,1
4,Q44,RJR,COUNTESS OF CHESTER HOSPITAL NHS FOUNDATION TRUST,,,6,174,,83,5,1,0,0,0,0
4,Q44,RJN,EAST CHESHIRE NHS TRUST,,,64,157,,80,48,10,1,0,0,5
4,Q44,RBT,MID CHESHIRE HOSPITALS NHS FOUNDATION TRUST,,,40,244,,79,32,6,0,1,0,1
4,Q44,RWW,WARRINGTON AND HALTON HOSPITALS NHS FOUNDATION TRUST,,,19,128,,78,14,4,0,0,0,1
4,Q44,RBL,WIRRAL UNIVERSITY TEACHING HOSPITAL NHS FOUNDATION TRUST,,,12,279,,100,12,0,0,0,0,0
4,Q45,RXP,COUNTY DURHAM AND DARLINGTON NHS FOUNDATION TRUST,,,82,455,,89,70,9,0,0,0,3
4,Q45,RVW,NORTH TEES AND HARTLEPOOL NHS FOUNDATION TRUST,,,18,235,,78,15,2,0,0,1,0
4,Q45,RTR,SOUTH TEES HOSPITALS NHS FOUNDATION TRUST,,,0,406,,NA,0,0,0,0,0,0
4,Q46,RMC,BOLTON NHS FOUNDATION TRUST,,,12,442,,92,11,1,0,0,0,0
4,Q46,RY2,BRIDGEWATER COMMUNITY HEALTHCARE NHS TRUST,,,21,150,,76,16,5,0,0,0,0
4,Q46,RW3,CENTRAL MANCHESTER UNIVERSITY HOSPITALS NHS FOUNDATION TRUST,,,39,365,,59,24,11,2,0,0,2
4,Q46,RW6,PENNINE ACUTE HOSPITALS NHS TRUST,,,52,702,,88,45,6,0,0,0,1
4,Q46,RWJ,STOCKPORT NHS FOUNDATION TRUST,,,35,233,,74,27,7,0,0,1,0
4,Q46,RMP,TAMESIDE HOSPITAL NHS FOUNDATION TRUST,,,32,163,,71,24,5,2,0,0,1
4,Q46,RM2,UNIVERSITY HOSPITAL OF SOUTH MANCHESTER NHS FOUNDATION TRUST,,,58,441,,91,49,5,0,0,0,4
4,Q46,RRF,"WRIGHTINGTON, WIGAN AND LEIGH NHS FOUNDATION TRUST",,,47,117,,80,37,9,0,0,0,1
4,Q47,RXL,BLACKPOOL TEACHING HOSPITALS NHS FOUNDATION TRUST,,,49,253,,85,41,7,0,0,0,1
4,Q47,RXR,EAST LANCASHIRE HOSPITALS NHS TRUST,,,45,516,,78,36,8,1,0,0,0
4,Q47,RXN,LANCASHIRE TEACHING HOSPITALS NHS FOUNDATION TRUST,,,75,358,,61,51,17,2,1,3,1
4,Q48,REP,LIVERPOOL WOMEN'S NHS FOUNDATION TRUST,,,2,658,,100,*,*,*,*,*,*
4,Q48,RVY,SOUTHPORT AND ORMSKIRK HOSPITAL NHS TRUST,,,17,207,,76,*,*,*,*,*,*
4,Q48,RBN,ST HELENS AND KNOWSLEY HOSPITALS NHS TRUST,,,59,238,,83,51,6,1,0,1,0
4,Q49,RLN,CITY HOSPITALS SUNDERLAND NHS FOUNDATION TRUST,,,84,258,,80,66,14,0,0,1,3
4,Q49,RR7,GATESHEAD HEALTH NHS FOUNDATION TRUST,,,7,133,,100,7,0,0,0,0,0
4,Q49,RNL,NORTH CUMBRIA UNIVERSITY HOSPITALS NHS TRUST,,,28,176,,82,23,5,0,0,0,0
4,Q49,RTF,NORTHUMBRIA HEALTHCARE NHS FOUNDATION TRUST,,,139,390,,78,110,28,1,0,0,0
4,Q49,RE9,SOUTH TYNESIDE NHS FOUNDATION TRUST,,,20,97,,85,17,3,0,0,0,0
4,Q49,RTD,THE NEWCASTLE UPON TYNE HOSPITALS NHS FOUNDATION TRUST,,,17,287,,82,15,1,0,0,1,0
4,Q49,RTX,UNIVERSITY HOSPITALS OF MORECAMBE BAY NHS FOUNDATION TRUST,,,36,117,,89,31,4,0,0,0,1
4,Q50,RCD,HARROGATE AND DISTRICT NHS FOUNDATION TRUST,,,20,100,,90,*,*,*,*,*,*
4,Q50,RWA,HULL AND EAST YORKSHIRE HOSPITALS NHS TRUST,,,31,480,,90,27,3,0,0,0,1
4,Q50,RJL,NORTHERN LINCOLNSHIRE AND GOOLE NHS FOUNDATION TRUST,,,3,266,,33,*,*,*,*,*,*
4,Q50,RCB,YORK TEACHING HOSPITAL NHS FOUNDATION TRUST,,,115,309,,79,94,18,3,0,0,0
4,Q51,RFF,BARNSLEY HOSPITAL NHS FOUNDATION TRUST,,,58,201,,79,46,12,0,0,0,0
4,Q51,RP5,DONCASTER AND BASSETLAW HOSPITALS NHS FOUNDATION TRUST,,,101,389,,82,84,14,2,0,0,1
4,Q51,RHQ,SHEFFIELD TEACHING HOSPITALS NHS FOUNDATION TRUST,,,23,510,,86,20,1,1,0,0,1
4,Q51,RFR,THE ROTHERHAM NHS FOUNDATION TRUST,,,66,215,,80,53,13,0,0,0,0
4,Q52,RCF,AIREDALE NHS FOUNDATION TRUST,,,43,167,,77,34,8,1,0,0,0
4,Q52,RAE,BRADFORD TEACHING HOSPITALS NHS FOUNDATION TRUST,,,46,510,,72,35,9,2,0,0,0
4,Q52,RWY,CALDERDALE AND HUDDERSFIELD NHS FOUNDATION TRUST,,,90,477,,78,73,14,2,1,0,0
4,Q52,RR8,LEEDS TEACHING HOSPITALS NHS TRUST,,,123,402,,77,96,19,2,1,1,4
4,Q52,RXF,MID YORKSHIRE HOSPITALS NHS TRUST,,,38,488,,84,32,6,0,0,0,0
4,Q53,RLT,GEORGE ELIOT HOSPITAL NHS TRUST,,,10,162,,100,10,0,0,0,0,0
4,Q53,RJC,SOUTH WARWICKSHIRE NHS FOUNDATION TRUST,,,7,163,,80,4,1,0,0,0,2
4,Q53,RKB,UNIVERSITY HOSPITALS COVENTRY AND WARWICKSHIRE NHS TRUST,,,67,448,,68,47,17,1,1,0,1
4,Q53,RWP,WORCESTERSHIRE ACUTE HOSPITALS NHS TRUST,,,71,425,,79,56,15,0,0,0,0
4,Q53,RLQ,WYE VALLEY NHS TRUST,,,18,145,,56,10,8,0,0,0,0
4,Q54,RLU,BIRMINGHAM WOMEN'S NHS FOUNDATION TRUST,,,7,678,,100,*,*,*,*,*,*
4,Q54,RR1,HEART OF ENGLAND NHS FOUNDATION TRUST,,,68,676,,60,42,15,3,1,1,6
4,Q54,RXK,SANDWELL AND WEST BIRMINGHAM HOSPITALS NHS TRUST,,,1,405,,NA,*,*,*,*,*,*
4,Q54,RNA,THE DUDLEY GROUP NHS FOUNDATION TRUST,,,29,309,,90,26,3,0,0,0,0
4,Q54,RL4,THE ROYAL WOLVERHAMPTON NHS TRUST,,,27,256,,70,19,8,0,0,0,0
4,Q54,RBK,WALSALL HEALTHCARE NHS TRUST,,,22,290,,76,16,5,0,0,0,1
4,Q55,RFS,CHESTERFIELD ROYAL HOSPITAL NHS FOUNDATION TRUST,,,19,245,,94,17,1,0,0,0,1
4,Q55,RTG,DERBY HOSPITALS NHS FOUNDATION TRUST,,,89,583,,79,71,17,1,0,0,0
4,Q55,RX1,NOTTINGHAM UNIVERSITY HOSPITALS NHS TRUST,,,206,520,,78,165,33,4,2,0,2
4,Q55,RK5,SHERWOOD FOREST HOSPITALS NHS FOUNDATION TRUST,,,16,256,,88,14,2,0,0,0,0
4,Q56,RGT,CAMBRIDGE UNIVERSITY HOSPITALS NHS FOUNDATION TRUST,,,14,255,,64,9,5,0,0,0,0
4,Q56,RQQ,HINCHINGBROOKE HEALTH CARE NHS TRUST,,,17,196,,94,16,1,0,0,0,0
4,Q56,RGQ,IPSWICH HOSPITAL NHS TRUST,,,100,303,,82,82,18,0,0,0,0
4,Q56,RGP,JAMES PAGET UNIVERSITY HOSPITALS NHS FOUNDATION TRUST,,,22,188,,68,16,5,0,1,0,0
4,Q56,RM1,NORFOLK AND NORWICH UNIVERSITY HOSPITALS NHS FOUNDATION TRUST,,,57,474,,79,46,10,1,0,0,0
4,Q56,RGN,PETERBOROUGH AND STAMFORD HOSPITALS NHS FOUNDATION TRUST,,,14,264,,57,9,4,1,0,0,0
4,Q56,RCX,"THE QUEEN ELIZABETH HOSPITAL, KING'S LYNN, NHS FOUNDATION TRUST",,,24,177,,67,17,6,1,0,0,0
4,Q56,RGR,WEST SUFFOLK NHS FOUNDATION TRUST,,,116,218,,93,108,6,1,0,0,1
4,Q57,RDD,BASILDON AND THURROCK UNIVERSITY HOSPITALS NHS FOUNDATION TRUST,,,1,363,,100,*,*,*,*,*,*
4,Q57,RDE,COLCHESTER HOSPITAL UNIVERSITY NHS FOUNDATION TRUST,,,22,283,,91,20,2,0,0,0,0
4,Q57,RQ8,MID ESSEX HOSPITAL SERVICES NHS TRUST,,,9,379,,78,7,2,0,0,0,0
4,Q57,RAJ,SOUTHEND UNIVERSITY HOSPITAL NHS FOUNDATION TRUST,,,2,293,,50,*,*,*,*,*,*
4,Q57,RQW,THE PRINCESS ALEXANDRA HOSPITAL NHS TRUST,,,15,389,,60,9,6,0,0,0,0
4,Q58,RC1,BEDFORD HOSPITAL NHS TRUST,,,35,147,,68,26,5,3,0,0,1
4,Q58,RWH,EAST AND NORTH HERTFORDSHIRE NHS TRUST,,,9,613,,67,*,*,*,*,*,*
4,Q58,RNQ,KETTERING GENERAL HOSPITAL NHS FOUNDATION TRUST,,,125,247,,93,116,9,0,0,0,0
4,Q58,RC9,LUTON AND DUNSTABLE UNIVERSITY HOSPITAL NHS FOUNDATION TRUST,,,75,401,,41,37,32,5,0,1,0
4,Q58,RD8,MILTON KEYNES HOSPITAL NHS FOUNDATION TRUST,,,1,259,,100,*,*,*,*,*,*
4,Q58,RNS,NORTHAMPTON GENERAL HOSPITAL NHS TRUST,,,109,257,,59,64,45,0,0,0,0
4,Q58,RWG,WEST HERTFORDSHIRE HOSPITALS NHS TRUST,,,15,481,,80,12,3,0,0,0,0
4,Q59,RWD,UNITED LINCOLNSHIRE HOSPITALS NHS TRUST,,,3,443,,33,*,*,*,*,*,*
4,Q59,RWE,UNIVERSITY HOSPITALS OF LEICESTER NHS TRUST,,,134,1037,,83,*,*,*,*,*,*
4,Q60,RJF,BURTON HOSPITALS NHS FOUNDATION TRUST,,,12,303,,83,*,*,*,*,*,*
4,Q60,RJD,MID STAFFORDSHIRE NHS FOUNDATION TRUST,,,58,315,,81,48,9,1,0,0,0
4,Q60,RXW,SHREWSBURY AND TELFORD HOSPITAL NHS TRUST,,,42,391,,94,29,2,0,0,0,11
4,Q60,RJE,UNIVERSITY HOSPITAL OF NORTH STAFFORDSHIRE NHS TRUST,,,2,494,,100,*,*,*,*,*,*
4,Q64,RTE,GLOUCESTERSHIRE HOSPITALS NHS FOUNDATION TRUST,,,6,548,,100,6,0,0,0,0,0
4,Q64,RN3,GREAT WESTERN HOSPITALS NHS FOUNDATION TRUST,,,154,91,,79,122,28,1,0,1,2
4,Q64,RNZ,SALISBURY NHS FOUNDATION TRUST,,,23,152,,91,21,2,0,0,0,0
4,Q65,RVJ,NORTH BRISTOL NHS TRUST,,,87,427,,80,71,15,0,1,0,0
4,Q65,RBA,TAUNTON AND SOMERSET NHS FOUNDATION TRUST,,,34,299,,76,27,6,0,1,0,0
4,Q65,RA7,UNIVERSITY HOSPITALS BRISTOL NHS FOUNDATION TRUST,,,62,284,,82,51,11,0,0,0,0
4,Q65,RA3,WESTON AREA HEALTH NHS TRUST,,,15,105,,100,15,0,0,0,0,0
4,Q65,RA4,YEOVIL DISTRICT HOSPITAL NHS FOUNDATION TRUST,,,9,119,,44,6,1,1,0,1,0
4,Q66,RBZ,NORTHERN DEVON HEALTHCARE NHS TRUST,,,1,132,,100,*,*,*,*,*,*
4,Q66,RK9,PLYMOUTH HOSPITALS NHS TRUST,,,78,133,,77,61,16,0,1,0,0
4,Q66,REF,ROYAL CORNWALL HOSPITALS NHS TRUST,,,30,341,,47,18,8,4,0,0,0
4,Q66,RH8,ROYAL DEVON AND EXETER NHS FOUNDATION TRUST,,,26,256,,69,*,*,*,*,*,*
4,Q66,RA9,SOUTH DEVON HEALTHCARE NHS FOUNDATION TRUST,,,31,103,,77,25,5,1,0,0,0
4,Q67,RN7,DARTFORD AND GRAVESHAM NHS TRUST,,,16,385,,75,12,4,0,0,0,0
4,Q67,RVV,EAST KENT HOSPITALS UNIVERSITY NHS FOUNDATION TRUST,,,46,583,,82,38,6,1,0,0,1
4,Q67,RWF,MAIDSTONE AND TUNBRIDGE WELLS NHS TRUST,,,36,373,,57,21,13,1,0,0,1
4,Q67,RPA,MEDWAY NHS FOUNDATION TRUST,,,22,426,,77,17,5,0,0,0,0
4,Q68,RTK,ASHFORD AND ST PETER'S HOSPITALS NHS FOUNDATION TRUST,,,50,355,,84,42,6,0,0,1,1
4,Q68,RXH,BRIGHTON AND SUSSEX UNIVERSITY HOSPITALS NHS TRUST,,,72,469,,69,53,16,0,1,2,0
4,Q68,RXC,EAST SUSSEX HEALTHCARE NHS TRUST,,,26,95,,58,17,7,1,1,0,0
4,Q68,RDU,FRIMLEY PARK HOSPITAL NHS FOUNDATION TRUST,,,185,408,,84,153,24,1,0,1,6
4,Q68,RA2,ROYAL SURREY COUNTY HOSPITAL NHS FOUNDATION TRUST,,,24,133,,50,17,2,3,2,0,0
4,Q68,RTP,SURREY AND SUSSEX HEALTHCARE NHS TRUST,,,24,403,,67,17,6,1,0,0,0
4,Q68,RYR,WESTERN SUSSEX HOSPITALS NHS FOUNDATION TRUST,,,13,438,,62,10,1,1,0,1,0
4,Q69,RXQ,BUCKINGHAMSHIRE HEALTHCARE NHS TRUST,,,73,316,,66,49,23,1,0,0,0
4,Q69,RD7,HEATHERWOOD AND WEXHAM PARK HOSPITALS NHS FOUNDATION TRUST,,,39,402,,64,26,12,1,0,0,0
4,Q69,RTH,OXFORD UNIVERSITY HOSPITALS NHS TRUST,,,44,702,,66,32,9,2,1,0,0
4,Q69,RHW,ROYAL BERKSHIRE NHS FOUNDATION TRUST,,,128,643,,73,98,25,2,3,0,0
4,Q70,RBD,DORSET COUNTY HOSPITAL NHS FOUNDATION TRUST,,,39,121,,67,28,9,1,0,1,0
4,Q70,RN5,HAMPSHIRE HOSPITALS NHS FOUNDATION TRUST,,,21,465,,62,15,4,2,0,0,0
4,Q70,R1F,ISLE OF WIGHT NHS TRUST,,,0,148,,NA,0,0,0,0,0,0
4,Q70,RD3,POOLE HOSPITAL NHS FOUNDATION TRUST,,,18,30,,67,14,2,1,0,1,0
4,Q70,RHU,PORTSMOUTH HOSPITALS NHS TRUST,,,72,412,,76,35,9,1,0,0,27
4,Q70,RDZ,THE ROYAL BOURNEMOUTH AND CHRISTCHURCH HOSPITALS NHS FOUNDATION TRUST,,,9,250,,78,7,2,0,0,0,0
4,Q70,RHM,UNIVERSITY HOSPITAL SOUTHAMPTON NHS FOUNDATION TRUST,,,64,444,,91,58,6,0,0,0,0
4,Q71,RF4,"BARKING, HAVERING AND REDBRIDGE UNIVERSITY HOSPITALS NHS TRUST",,,223,593,,75,169,50,1,1,1,1
4,Q71,RVL,BARNET AND CHASE FARM HOSPITALS NHS TRUST,,,0,0,,NA,0,0,0,0,0,0
4,Q71,R1H,BARTS HEALTH NHS TRUST,,,61,918,,63,38,20,1,0,0,2
4,Q71,RQM,CHELSEA AND WESTMINSTER HOSPITAL NHS FOUNDATION TRUST,,,29,211,,76,24,3,0,0,2,0
4,Q71,RJ6,CROYDON HEALTH SERVICES NHS TRUST,,,10,289,,100,10,0,0,0,0,0
4,Q71,RC3,EALING HOSPITAL NHS TRUST,,,36,291,,75,27,9,0,0,0,0
4,Q71,RVR,EPSOM AND ST HELIER UNIVERSITY HOSPITALS NHS TRUST,,,50,569,,71,38,8,3,0,0,1
4,Q71,RJ1,GUY'S AND ST THOMAS' NHS FOUNDATION TRUST,,,40,461,,79,31,8,0,0,0,1
4,Q71,RQX,HOMERTON UNIVERSITY HOSPITAL NHS FOUNDATION TRUST,,,14,382,,86,12,2,0,0,0,0
4,Q71,RYJ,IMPERIAL COLLEGE HEALTHCARE NHS TRUST,,,13,114,,77,10,3,0,0,0,0
4,Q71,RJZ,KING'S COLLEGE HOSPITAL NHS FOUNDATION TRUST,,,15,408,,80,13,1,0,1,0,0
4,Q71,RAX,KINGSTON HOSPITAL NHS FOUNDATION TRUST,,,37,348,,83,30,6,0,0,0,1
4,Q71,RJ2,LEWISHAM AND GREENWICH NHS TRUST,,,221,475,,71,157,59,2,0,0,3
4,Q71,RAP,NORTH MIDDLESEX UNIVERSITY HOSPITAL NHS TRUST,,,18,444,,89,16,2,0,0,0,0
4,Q71,RV8,NORTH WEST LONDON HOSPITALS NHS TRUST,,,66,584,,83,55,11,0,0,0,0
4,Q71,RAL,ROYAL FREE LONDON NHS FOUNDATION TRUST,,,29,273,,62,19,9,1,0,0,0
4,Q71,RJ7,ST GEORGE'S HEALTHCARE NHS TRUST,,,59,198,,78,46,11,1,0,0,1
4,Q71,RAS,THE HILLINGDON HOSPITALS NHS FOUNDATION TRUST,,,28,357,,71,21,6,1,0,0,0
4,Q71,RKE,THE WHITTINGTON HOSPITAL NHS TRUST,,,14,301,,86,12,2,0,0,0,0
4,Q71,RRV,UNIVERSITY COLLEGE LONDON HOSPITALS NHS FOUNDATION TRUST,,,44,159,,48,23,19,0,1,1,0
4,Q71,RFW,WEST MIDDLESEX UNIVERSITY HOSPITAL NHS TRUST,,,109,434,,72,81,25,2,0,1,0
